candidate_id,source_path,relative_path,split_group,acquisition_period,campaign,thumbnail_width,thumbnail_height,original_width,original_height,detected_shoots,pixel_only_audit,model_outputs_used
src_0001,D:\kp\数据集图片\..秧苗素质-扫描系统采集\0417 土\0507\test00035.tif,..秧苗素质-扫描系统采集\0417 土\0507\test00035.tif,scanner_directory::..秧苗素质-扫描系统采集\0417 土\0507,0507,0417 土,850,1386,5100,8315,11,1,0
src_0002,D:\kp\数据集图片\..秧苗素质-扫描系统采集\0417 土\0507\test00036.tif,..秧苗素质-扫描系统采集\0417 土\0507\test00036.tif,scanner_directory::..秧苗素质-扫描系统采集\0417 土\0507,0507,0417 土,850,1386,5100,8315,10,1,0
src_0003,D:\kp\数据集图片\..秧苗素质-扫描系统采集\0417 土\0507\test00037.tif,..秧苗素质-扫描系统采集\0417 土\0507\test00037.tif,scanner_directory::..秧苗素质-扫描系统采集\0417 土\0507,0507,0417 土,850,1386,5100,8315,10,1,0
src_0004,D:\kp\数据集图片\..秧苗素质-扫描系统采集\0417 土\0507\test00038.tif,..秧苗素质-扫描系统采集\0417 土\0507\test00038.tif,scanner_directory::..秧苗素质-扫描系统采集\0417 土\0507,0507,0417 土,850,1386,5100,8315,13,1,0
src_0005,D:\kp\数据集图片\..秧苗素质-扫描系统采集\0417 土\0507\test00039.tif,..秧苗素质-扫描系统采集\0417 土\0507\test00039.tif,scanner_directory::..秧苗素质-扫描系统采集\0417 土\0507,0507,0417 土,850,1386,5100,8315,14,1,0
src_0006,D:\kp\数据集图片\..秧苗素质-扫描系统采集\0417 土\0507\test00040.tif,..秧苗素质-扫描系统采集\0417 土\0507\test00040.tif,scanner_directory::..秧苗素质-扫描系统采集\0417 土\0507,0507,0417 土,850,1386,5100,8315,12,1,0
src_0007,D:\kp\数据集图片\..秧苗素质-扫描系统采集\0417 土\0507\test00041.tif,..秧苗素质-扫描系统采集\0417 土\0507\test00041.tif,scanner_directory::..秧苗素质-扫描系统采集\0417 土\0507,0507,0417 土,850,1386,5100,8315,9,1,0
src_0008,D:\kp\数据集图片\..秧苗素质-扫描系统采集\0417 土\0507\test00042.tif,..秧苗素质-扫描系统采集\0417 土\0507\test00042.tif,scanner_directory::..秧苗素质-扫描系统采集\0417 土\0507,0507,0417 土,850,1386,5100,8315,8,1,0
src_0009,D:\kp\数据集图片\..秧苗素质-扫描系统采集\0417 土\0507\test00043.tif,..秧苗素质-扫描系统采集\0417 土\0507\test00043.tif,scanner_directory::..秧苗素质-扫描系统采集\0417 土\0507,0507,0417 土,850,1386,5100,8315,11,1,0
src_0010,D:\kp\数据集图片\..秧苗素质-扫描系统采集\0417 土\0507\test00044.tif,..秧苗素质-扫描系统采集\0417 土\0507\test00044.tif,scanner_directory::..秧苗素质-扫描系统采集\0417 土\0507,0507,0417 土,850,1386,5100,8315,9,1,0
src_0011,D:\kp\数据集图片\..秧苗素质-扫描系统采集\0424 土\0507\test00029.tif,..秧苗素质-扫描系统采集\0424 土\0507\test00029.tif,scanner_directory::..秧苗素质-扫描系统采集\0424 土\0507,0507,0424 土,850,1386,5100,8315,14,1,0
src_0012,D:\kp\数据集图片\..秧苗素质-扫描系统采集\0424 土\0507\test00030.tif,..秧苗素质-扫描系统采集\0424 土\0507\test00030.tif,scanner_directory::..秧苗素质-扫描系统采集\0424 土\0507,0507,0424 土,850,1386,5100,8315,13,1,0
src_0013,D:\kp\数据集图片\..秧苗素质-扫描系统采集\0424 土\0507\test00031.tif,..秧苗素质-扫描系统采集\0424 土\0507\test00031.tif,scanner_directory::..秧苗素质-扫描系统采集\0424 土\0507,0507,0424 土,850,1386,5100,8315,14,1,0
src_0014,D:\kp\数据集图片\..秧苗素质-扫描系统采集\0424 土\0507\test00032.tif,..秧苗素质-扫描系统采集\0424 土\0507\test00032.tif,scanner_directory::..秧苗素质-扫描系统采集\0424 土\0507,0507,0424 土,850,1386,5100,8315,12,1,0
src_0015,D:\kp\数据集图片\..秧苗素质-扫描系统采集\0424 土\0507\test00033.tif,..秧苗素质-扫描系统采集\0424 土\0507\test00033.tif,scanner_directory::..秧苗素质-扫描系统采集\0424 土\0507,0507,0424 土,850,1386,5100,8315,15,1,0
src_0016,D:\kp\数据集图片\..秧苗素质-扫描系统采集\0424 土\0507\test00034.tif,..秧苗素质-扫描系统采集\0424 土\0507\test00034.tif,scanner_directory::..秧苗素质-扫描系统采集\0424 土\0507,0507,0424 土,850,1386,5100,8315,13,1,0
src_0017,D:\kp\数据集图片\..秧苗素质-扫描系统采集\0424 土\0508\0508-0424-00001.tif,..秧苗素质-扫描系统采集\0424 土\0508\0508-0424-00001.tif,scanner_directory::..秧苗素质-扫描系统采集\0424 土\0508,0508,0424 土,850,1386,5100,8315,8,1,0
src_0018,D:\kp\数据集图片\..秧苗素质-扫描系统采集\0424 土\0508\0508-0424-00002.tif,..秧苗素质-扫描系统采集\0424 土\0508\0508-0424-00002.tif,scanner_directory::..秧苗素质-扫描系统采集\0424 土\0508,0508,0424 土,850,1386,5100,8315,12,1,0
src_0019,D:\kp\数据集图片\..秧苗素质-扫描系统采集\0424 土\0508\0508-0424-00003.tif,..秧苗素质-扫描系统采集\0424 土\0508\0508-0424-00003.tif,scanner_directory::..秧苗素质-扫描系统采集\0424 土\0508,0508,0424 土,850,1386,5100,8315,11,1,0
src_0020,D:\kp\数据集图片\..秧苗素质-扫描系统采集\0424 土\0508\0508-0424-00004.tif,..秧苗素质-扫描系统采集\0424 土\0508\0508-0424-00004.tif,scanner_directory::..秧苗素质-扫描系统采集\0424 土\0508,0508,0424 土,850,1386,5100,8315,10,1,0
src_0021,D:\kp\数据集图片\..秧苗素质-扫描系统采集\0424 土\0508\0508-0424-00005.tif,..秧苗素质-扫描系统采集\0424 土\0508\0508-0424-00005.tif,scanner_directory::..秧苗素质-扫描系统采集\0424 土\0508,0508,0424 土,850,1386,5100,8315,13,1,0
src_0022,D:\kp\数据集图片\..秧苗素质-扫描系统采集\0424 土\0508\0508-0424-00006.tif,..秧苗素质-扫描系统采集\0424 土\0508\0508-0424-00006.tif,scanner_directory::..秧苗素质-扫描系统采集\0424 土\0508,0508,0424 土,850,1386,5100,8315,10,1,0
src_0023,D:\kp\数据集图片\..秧苗素质-扫描系统采集\0424 土\0508\0508-0424-00007.tif,..秧苗素质-扫描系统采集\0424 土\0508\0508-0424-00007.tif,scanner_directory::..秧苗素质-扫描系统采集\0424 土\0508,0508,0424 土,850,1386,5100,8315,14,1,0
src_0024,D:\kp\数据集图片\..秧苗素质-扫描系统采集\0424 土\0508\0508-0424-00008.tif,..秧苗素质-扫描系统采集\0424 土\0508\0508-0424-00008.tif,scanner_directory::..秧苗素质-扫描系统采集\0424 土\0508,0508,0424 土,850,1386,5100,8315,12,1,0
src_0025,D:\kp\数据集图片\..秧苗素质-扫描系统采集\0424 土\0508\0508-0424-00009.tif,..秧苗素质-扫描系统采集\0424 土\0508\0508-0424-00009.tif,scanner_directory::..秧苗素质-扫描系统采集\0424 土\0508,0508,0424 土,850,1386,5100,8315,13,1,0
src_0026,D:\kp\数据集图片\..秧苗素质-扫描系统采集\0424 土\0508\0508-0424-00010.tif,..秧苗素质-扫描系统采集\0424 土\0508\0508-0424-00010.tif,scanner_directory::..秧苗素质-扫描系统采集\0424 土\0508,0508,0424 土,850,1386,5100,8315,18,1,0
src_0027,D:\kp\数据集图片\..秧苗素质-扫描系统采集\0424 土\0508\0508-0424-00011.tif,..秧苗素质-扫描系统采集\0424 土\0508\0508-0424-00011.tif,scanner_directory::..秧苗素质-扫描系统采集\0424 土\0508,0508,0424 土,850,1386,5100,8315,14,1,0
src_0028,D:\kp\数据集图片\..秧苗素质-扫描系统采集\0424 土\0508\0508-0424-00012.tif,..秧苗素质-扫描系统采集\0424 土\0508\0508-0424-00012.tif,scanner_directory::..秧苗素质-扫描系统采集\0424 土\0508,0508,0424 土,850,1386,5100,8315,12,1,0
src_0251,D:\kp\数据集图片\..秧苗素质-扫描系统采集\0502 A1 1-13 17-19\0506\test00011.tif,..秧苗素质-扫描系统采集\0502 A1 1-13 17-19\0506\test00011.tif,scanner_directory::..秧苗素质-扫描系统采集\0502 a1 1-13 17-19\0506,0506,0502 a1 1-13 17-19,850,1386,5100,8315,14,1,0
src_0252,D:\kp\数据集图片\..秧苗素质-扫描系统采集\0502 A1 1-13 17-19\0506\test00012.tif,..秧苗素质-扫描系统采集\0502 A1 1-13 17-19\0506\test00012.tif,scanner_directory::..秧苗素质-扫描系统采集\0502 a1 1-13 17-19\0506,0506,0502 a1 1-13 17-19,850,1386,5100,8315,19,1,0
src_0253,D:\kp\数据集图片\..秧苗素质-扫描系统采集\0502 A1 1-13 17-19\0506\test00013.tif,..秧苗素质-扫描系统采集\0502 A1 1-13 17-19\0506\test00013.tif,scanner_directory::..秧苗素质-扫描系统采集\0502 a1 1-13 17-19\0506,0506,0502 a1 1-13 17-19,850,1386,5100,8315,15,1,0
src_0254,D:\kp\数据集图片\..秧苗素质-扫描系统采集\0502 A1 1-13 17-19\0506\test00014.tif,..秧苗素质-扫描系统采集\0502 A1 1-13 17-19\0506\test00014.tif,scanner_directory::..秧苗素质-扫描系统采集\0502 a1 1-13 17-19\0506,0506,0502 a1 1-13 17-19,850,1386,5100,8315,19,1,0
src_0255,D:\kp\数据集图片\..秧苗素质-扫描系统采集\0502 A1 1-13 17-19\0506\test00016.tif,..秧苗素质-扫描系统采集\0502 A1 1-13 17-19\0506\test00016.tif,scanner_directory::..秧苗素质-扫描系统采集\0502 a1 1-13 17-19\0506,0506,0502 a1 1-13 17-19,850,1386,5100,8315,19,1,0
src_0256,D:\kp\数据集图片\..秧苗素质-扫描系统采集\0502 A1 1-13 17-19\0506\test00017.tif,..秧苗素质-扫描系统采集\0502 A1 1-13 17-19\0506\test00017.tif,scanner_directory::..秧苗素质-扫描系统采集\0502 a1 1-13 17-19\0506,0506,0502 a1 1-13 17-19,850,1386,5100,8315,19,1,0
src_0257,D:\kp\数据集图片\..秧苗素质-扫描系统采集\0502 A1 1-13 17-19\0506\test00018.tif,..秧苗素质-扫描系统采集\0502 A1 1-13 17-19\0506\test00018.tif,scanner_directory::..秧苗素质-扫描系统采集\0502 a1 1-13 17-19\0506,0506,0502 a1 1-13 17-19,850,1386,5100,8315,18,1,0
src_0258,D:\kp\数据集图片\..秧苗素质-扫描系统采集\0502 A1 1-13 17-19\0506\test00019.tif,..秧苗素质-扫描系统采集\0502 A1 1-13 17-19\0506\test00019.tif,scanner_directory::..秧苗素质-扫描系统采集\0502 a1 1-13 17-19\0506,0506,0502 a1 1-13 17-19,850,1386,5100,8315,8,1,0
src_0259,D:\kp\数据集图片\..秧苗素质-扫描系统采集\0502 A1 1-13 17-19\0507\test00021.tif,..秧苗素质-扫描系统采集\0502 A1 1-13 17-19\0507\test00021.tif,scanner_directory::..秧苗素质-扫描系统采集\0502 a1 1-13 17-19\0507,0507,0502 a1 1-13 17-19,850,1386,5100,8315,14,1,0
src_0260,D:\kp\数据集图片\..秧苗素质-扫描系统采集\0502 A1 1-13 17-19\0507\test00022.tif,..秧苗素质-扫描系统采集\0502 A1 1-13 17-19\0507\test00022.tif,scanner_directory::..秧苗素质-扫描系统采集\0502 a1 1-13 17-19\0507,0507,0502 a1 1-13 17-19,850,1386,5100,8315,17,1,0
src_0261,D:\kp\数据集图片\..秧苗素质-扫描系统采集\0502 A1 1-13 17-19\0507\test00023.tif,..秧苗素质-扫描系统采集\0502 A1 1-13 17-19\0507\test00023.tif,scanner_directory::..秧苗素质-扫描系统采集\0502 a1 1-13 17-19\0507,0507,0502 a1 1-13 17-19,850,1386,5100,8315,12,1,0
src_0262,D:\kp\数据集图片\..秧苗素质-扫描系统采集\0502 A1 1-13 17-19\0507\test00024.tif,..秧苗素质-扫描系统采集\0502 A1 1-13 17-19\0507\test00024.tif,scanner_directory::..秧苗素质-扫描系统采集\0502 a1 1-13 17-19\0507,0507,0502 a1 1-13 17-19,850,1386,5100,8315,18,1,0
src_0263,D:\kp\数据集图片\..秧苗素质-扫描系统采集\0502 A1 1-13 17-19\0507\test00025.tif,..秧苗素质-扫描系统采集\0502 A1 1-13 17-19\0507\test00025.tif,scanner_directory::..秧苗素质-扫描系统采集\0502 a1 1-13 17-19\0507,0507,0502 a1 1-13 17-19,850,1386,5100,8315,16,1,0
src_0264,D:\kp\数据集图片\..秧苗素质-扫描系统采集\0502 A1 1-13 17-19\0507\test00026.tif,..秧苗素质-扫描系统采集\0502 A1 1-13 17-19\0507\test00026.tif,scanner_directory::..秧苗素质-扫描系统采集\0502 a1 1-13 17-19\0507,0507,0502 a1 1-13 17-19,850,1386,5100,8315,16,1,0
src_0265,D:\kp\数据集图片\..秧苗素质-扫描系统采集\0502 A1 1-13 17-19\0507\test00027.tif,..秧苗素质-扫描系统采集\0502 A1 1-13 17-19\0507\test00027.tif,scanner_directory::..秧苗素质-扫描系统采集\0502 a1 1-13 17-19\0507,0507,0502 a1 1-13 17-19,850,1386,5100,8315,18,1,0
src_0266,D:\kp\数据集图片\..秧苗素质-扫描系统采集\0502 A1 1-13 17-19\0507\test00028.tif,..秧苗素质-扫描系统采集\0502 A1 1-13 17-19\0507\test00028.tif,scanner_directory::..秧苗素质-扫描系统采集\0502 a1 1-13 17-19\0507,0507,0502 a1 1-13 17-19,850,1386,5100,8315,12,1,0
src_0267,D:\kp\数据集图片\..秧苗素质-扫描系统采集\0502 A1 1-13 17-19\0508\0508-00001.tif,..秧苗素质-扫描系统采集\0502 A1 1-13 17-19\0508\0508-00001.tif,scanner_directory::..秧苗素质-扫描系统采集\0502 a1 1-13 17-19\0508,0508,0502 a1 1-13 17-19,850,1386,5100,8315,20,1,0
src_0268,D:\kp\数据集图片\..秧苗素质-扫描系统采集\0502 A1 1-13 17-19\0508\0508-00002.tif,..秧苗素质-扫描系统采集\0502 A1 1-13 17-19\0508\0508-00002.tif,scanner_directory::..秧苗素质-扫描系统采集\0502 a1 1-13 17-19\0508,0508,0502 a1 1-13 17-19,850,1386,5100,8315,16,1,0
src_0269,D:\kp\数据集图片\..秧苗素质-扫描系统采集\0502 A1 1-13 17-19\0508\0508-00003.tif,..秧苗素质-扫描系统采集\0502 A1 1-13 17-19\0508\0508-00003.tif,scanner_directory::..秧苗素质-扫描系统采集\0502 a1 1-13 17-19\0508,0508,0502 a1 1-13 17-19,850,1386,5100,8315,20,1,0
src_0270,D:\kp\数据集图片\..秧苗素质-扫描系统采集\0502 A1 1-13 17-19\0508\0508-00004.tif,..秧苗素质-扫描系统采集\0502 A1 1-13 17-19\0508\0508-00004.tif,scanner_directory::..秧苗素质-扫描系统采集\0502 a1 1-13 17-19\0508,0508,0502 a1 1-13 17-19,850,1386,5100,8315,22,1,0
src_0271,D:\kp\数据集图片\..秧苗素质-扫描系统采集\0502 A1 1-13 17-19\0508\0508-00005.tif,..秧苗素质-扫描系统采集\0502 A1 1-13 17-19\0508\0508-00005.tif,scanner_directory::..秧苗素质-扫描系统采集\0502 a1 1-13 17-19\0508,0508,0502 a1 1-13 17-19,850,1386,5100,8315,19,1,0
src_0272,D:\kp\数据集图片\..秧苗素质-扫描系统采集\0502 A1 1-13 17-19\0508\0508-00006.tif,..秧苗素质-扫描系统采集\0502 A1 1-13 17-19\0508\0508-00006.tif,scanner_directory::..秧苗素质-扫描系统采集\0502 a1 1-13 17-19\0508,0508,0502 a1 1-13 17-19,850,1386,5100,8315,14,1,0
src_0273,D:\kp\数据集图片\..秧苗素质-扫描系统采集\0509\100036.tif,..秧苗素质-扫描系统采集\0509\100036.tif,scanner_directory::..秧苗素质-扫描系统采集\0509,0509,0509,850,1386,5100,8315,21,1,0
src_0274,D:\kp\数据集图片\..秧苗素质-扫描系统采集\0509\100037.tif,..秧苗素质-扫描系统采集\0509\100037.tif,scanner_directory::..秧苗素质-扫描系统采集\0509,0509,0509,850,1386,5100,8315,20,1,0
src_0275,D:\kp\数据集图片\..秧苗素质-扫描系统采集\0509\100038.tif,..秧苗素质-扫描系统采集\0509\100038.tif,scanner_directory::..秧苗素质-扫描系统采集\0509,0509,0509,850,1386,5100,8315,14,1,0
src_0276,D:\kp\数据集图片\..秧苗素质-扫描系统采集\0510\100045.tif,..秧苗素质-扫描系统采集\0510\100045.tif,scanner_directory::..秧苗素质-扫描系统采集\0510,0510,0510,850,1386,5100,8315,20,1,0
src_0277,D:\kp\数据集图片\..秧苗素质-扫描系统采集\0510\100046.tif,..秧苗素质-扫描系统采集\0510\100046.tif,scanner_directory::..秧苗素质-扫描系统采集\0510,0510,0510,850,1386,5100,8315,19,1,0
src_0278,D:\kp\数据集图片\..秧苗素质-扫描系统采集\0510\100047.tif,..秧苗素质-扫描系统采集\0510\100047.tif,scanner_directory::..秧苗素质-扫描系统采集\0510,0510,0510,850,1386,5100,8315,22,1,0
src_0279,D:\kp\数据集图片\..秧苗素质-扫描系统采集\0510\100048.tif,..秧苗素质-扫描系统采集\0510\100048.tif,scanner_directory::..秧苗素质-扫描系统采集\0510,0510,0510,850,1386,5100,8315,9,1,0
src_0280,D:\kp\数据集图片\..秧苗素质-扫描系统采集\0511\100102.tif,..秧苗素质-扫描系统采集\0511\100102.tif,scanner_directory::..秧苗素质-扫描系统采集\0511,0511,0511,850,1386,5100,8315,20,1,0
src_0281,D:\kp\数据集图片\..秧苗素质-扫描系统采集\0511\100103.tif,..秧苗素质-扫描系统采集\0511\100103.tif,scanner_directory::..秧苗素质-扫描系统采集\0511,0511,0511,850,1386,5100,8315,14,1,0
src_0282,D:\kp\数据集图片\..秧苗素质-扫描系统采集\0511\100104.tif,..秧苗素质-扫描系统采集\0511\100104.tif,scanner_directory::..秧苗素质-扫描系统采集\0511,0511,0511,850,1386,5100,8315,20,1,0
src_0283,D:\kp\数据集图片\..秧苗素质-扫描系统采集\0511\100105.tif,..秧苗素质-扫描系统采集\0511\100105.tif,scanner_directory::..秧苗素质-扫描系统采集\0511,0511,0511,850,1386,5100,8315,18,1,0
src_0284,D:\kp\数据集图片\..秧苗素质-扫描系统采集\0511\100106.tif,..秧苗素质-扫描系统采集\0511\100106.tif,scanner_directory::..秧苗素质-扫描系统采集\0511,0511,0511,850,1386,5100,8315,16,1,0
src_0285,D:\kp\数据集图片\..秧苗素质-扫描系统采集\0511\100107.tif,..秧苗素质-扫描系统采集\0511\100107.tif,scanner_directory::..秧苗素质-扫描系统采集\0511,0511,0511,850,1386,5100,8315,17,1,0
src_0286,D:\kp\数据集图片\..秧苗素质-扫描系统采集\0512\test00125.tif,..秧苗素质-扫描系统采集\0512\test00125.tif,scanner_directory::..秧苗素质-扫描系统采集\0512,0512,0512,850,1386,5100,8315,12,1,0
src_0287,D:\kp\数据集图片\..秧苗素质-扫描系统采集\0512\test00126.tif,..秧苗素质-扫描系统采集\0512\test00126.tif,scanner_directory::..秧苗素质-扫描系统采集\0512,0512,0512,850,1386,5100,8315,16,1,0
src_0288,D:\kp\数据集图片\..秧苗素质-扫描系统采集\0512\test00127.tif,..秧苗素质-扫描系统采集\0512\test00127.tif,scanner_directory::..秧苗素质-扫描系统采集\0512,0512,0512,850,1386,5100,8315,19,1,0
src_0289,D:\kp\数据集图片\..秧苗素质-扫描系统采集\0512\test00128.tif,..秧苗素质-扫描系统采集\0512\test00128.tif,scanner_directory::..秧苗素质-扫描系统采集\0512,0512,0512,850,1386,5100,8315,16,1,0
src_0290,D:\kp\数据集图片\..秧苗素质-扫描系统采集\0513\0513A1T00001.tif,..秧苗素质-扫描系统采集\0513\0513A1T00001.tif,scanner_directory::..秧苗素质-扫描系统采集\0513,0513,0513,850,1386,5100,8315,16,1,0
src_0291,D:\kp\数据集图片\..秧苗素质-扫描系统采集\0513\0513A1T00002.tif,..秧苗素质-扫描系统采集\0513\0513A1T00002.tif,scanner_directory::..秧苗素质-扫描系统采集\0513,0513,0513,850,1386,5100,8315,19,1,0
src_0292,D:\kp\数据集图片\..秧苗素质-扫描系统采集\0513\0513A1T00003.tif,..秧苗素质-扫描系统采集\0513\0513A1T00003.tif,scanner_directory::..秧苗素质-扫描系统采集\0513,0513,0513,850,1386,5100,8315,13,1,0
src_0293,D:\kp\数据集图片\..秧苗素质-扫描系统采集\0513\0513A1T00004.tif,..秧苗素质-扫描系统采集\0513\0513A1T00004.tif,scanner_directory::..秧苗素质-扫描系统采集\0513,0513,0513,850,1386,5100,8315,14,1,0
src_0294,D:\kp\数据集图片\..秧苗素质-扫描系统采集\0513\0513A1T00005.tif,..秧苗素质-扫描系统采集\0513\0513A1T00005.tif,scanner_directory::..秧苗素质-扫描系统采集\0513,0513,0513,850,1386,5100,8315,17,1,0
src_0295,D:\kp\数据集图片\..秧苗素质-扫描系统采集\0513\0513A1T00006.tif,..秧苗素质-扫描系统采集\0513\0513A1T00006.tif,scanner_directory::..秧苗素质-扫描系统采集\0513,0513,0513,850,1386,5100,8315,16,1,0
src_0296,D:\kp\数据集图片\..秧苗素质-扫描系统采集\0513\0513A1T00007.tif,..秧苗素质-扫描系统采集\0513\0513A1T00007.tif,scanner_directory::..秧苗素质-扫描系统采集\0513,0513,0513,850,1386,5100,8315,15,1,0
src_0297,D:\kp\数据集图片\..秧苗素质-扫描系统采集\0513\0513A1T00008.tif,..秧苗素质-扫描系统采集\0513\0513A1T00008.tif,scanner_directory::..秧苗素质-扫描系统采集\0513,0513,0513,850,1386,5100,8315,11,1,0
src_0298,D:\kp\数据集图片\..秧苗素质-扫描系统采集\0514\0514A1T00001.tif,..秧苗素质-扫描系统采集\0514\0514A1T00001.tif,scanner_directory::..秧苗素质-扫描系统采集\0514,0514,0514,850,1386,5100,8315,16,1,0
src_0299,D:\kp\数据集图片\..秧苗素质-扫描系统采集\0514\0514A1T00002.tif,..秧苗素质-扫描系统采集\0514\0514A1T00002.tif,scanner_directory::..秧苗素质-扫描系统采集\0514,0514,0514,850,1386,5100,8315,12,1,0
src_0300,D:\kp\数据集图片\..秧苗素质-扫描系统采集\0514\0514A1T00003.tif,..秧苗素质-扫描系统采集\0514\0514A1T00003.tif,scanner_directory::..秧苗素质-扫描系统采集\0514,0514,0514,850,1386,5100,8315,15,1,0
src_0301,D:\kp\数据集图片\..秧苗素质-扫描系统采集\0514\0514A1T00004.tif,..秧苗素质-扫描系统采集\0514\0514A1T00004.tif,scanner_directory::..秧苗素质-扫描系统采集\0514,0514,0514,850,1386,5100,8315,12,1,0
src_0302,D:\kp\数据集图片\..秧苗素质-扫描系统采集\0514\0514A1T00005.tif,..秧苗素质-扫描系统采集\0514\0514A1T00005.tif,scanner_directory::..秧苗素质-扫描系统采集\0514,0514,0514,850,1386,5100,8315,16,1,0
src_0303,D:\kp\数据集图片\..秧苗素质-扫描系统采集\0514\0514A1T00006.tif,..秧苗素质-扫描系统采集\0514\0514A1T00006.tif,scanner_directory::..秧苗素质-扫描系统采集\0514,0514,0514,850,1386,5100,8315,17,1,0
src_0304,D:\kp\数据集图片\..秧苗素质-扫描系统采集\0515\1.tif,..秧苗素质-扫描系统采集\0515\1.tif,scanner_directory::..秧苗素质-扫描系统采集\0515,0515,0515,850,1386,5100,8315,15,1,0
src_0305,D:\kp\数据集图片\..秧苗素质-扫描系统采集\0515\2.tif,..秧苗素质-扫描系统采集\0515\2.tif,scanner_directory::..秧苗素质-扫描系统采集\0515,0515,0515,850,1386,5100,8315,14,1,0
src_0306,D:\kp\数据集图片\..秧苗素质-扫描系统采集\0515\3.tif,..秧苗素质-扫描系统采集\0515\3.tif,scanner_directory::..秧苗素质-扫描系统采集\0515,0515,0515,850,1386,5100,8315,14,1,0
src_0307,D:\kp\数据集图片\..秧苗素质-扫描系统采集\0516\100057.tif,..秧苗素质-扫描系统采集\0516\100057.tif,scanner_directory::..秧苗素质-扫描系统采集\0516,0516,0516,850,1386,5100,8315,15,1,0
src_0308,D:\kp\数据集图片\..秧苗素质-扫描系统采集\0516\100058.tif,..秧苗素质-扫描系统采集\0516\100058.tif,scanner_directory::..秧苗素质-扫描系统采集\0516,0516,0516,850,1386,5100,8315,14,1,0
src_0309,D:\kp\数据集图片\..秧苗素质-扫描系统采集\0516\100059.tif,..秧苗素质-扫描系统采集\0516\100059.tif,scanner_directory::..秧苗素质-扫描系统采集\0516,0516,0516,850,1386,5100,8315,12,1,0
src_0310,D:\kp\数据集图片\..秧苗素质-扫描系统采集\0517\100063.tif,..秧苗素质-扫描系统采集\0517\100063.tif,scanner_directory::..秧苗素质-扫描系统采集\0517,0517,0517,850,1386,5100,8315,11,1,0
src_0311,D:\kp\数据集图片\..秧苗素质-扫描系统采集\0517\100064.tif,..秧苗素质-扫描系统采集\0517\100064.tif,scanner_directory::..秧苗素质-扫描系统采集\0517,0517,0517,850,1386,5100,8315,14,1,0
src_0312,D:\kp\数据集图片\..秧苗素质-扫描系统采集\0517\100065.tif,..秧苗素质-扫描系统采集\0517\100065.tif,scanner_directory::..秧苗素质-扫描系统采集\0517,0517,0517,850,1386,5100,8315,6,1,0
src_0313,D:\kp\数据集图片\..秧苗素质-扫描系统采集\0518\100085.tif,..秧苗素质-扫描系统采集\0518\100085.tif,scanner_directory::..秧苗素质-扫描系统采集\0518,0518,0518,850,1386,5100,8315,9,1,0
src_0314,D:\kp\数据集图片\..秧苗素质-扫描系统采集\0518\100086.tif,..秧苗素质-扫描系统采集\0518\100086.tif,scanner_directory::..秧苗素质-扫描系统采集\0518,0518,0518,850,1386,5100,8315,11,1,0
src_0315,D:\kp\数据集图片\..秧苗素质-扫描系统采集\0518\100087.tif,..秧苗素质-扫描系统采集\0518\100087.tif,scanner_directory::..秧苗素质-扫描系统采集\0518,0518,0518,850,1386,5100,8315,10,1,0
src_0316,D:\kp\数据集图片\..秧苗素质-扫描系统采集\传感器A1-B4 苗\A1-09-土-0502\0509\100036.tif,..秧苗素质-扫描系统采集\传感器A1-B4 苗\A1-09-土-0502\0509\100036.tif,scanner_directory::..秧苗素质-扫描系统采集\传感器a1-b4 苗\a1-09-土-0502\0509,0509,传感器a1-b4 苗,850,1386,5100,8315,21,1,0
src_0317,D:\kp\数据集图片\..秧苗素质-扫描系统采集\传感器A1-B4 苗\A1-09-土-0502\0509\100037.tif,..秧苗素质-扫描系统采集\传感器A1-B4 苗\A1-09-土-0502\0509\100037.tif,scanner_directory::..秧苗素质-扫描系统采集\传感器a1-b4 苗\a1-09-土-0502\0509,0509,传感器a1-b4 苗,850,1386,5100,8315,20,1,0
src_0318,D:\kp\数据集图片\..秧苗素质-扫描系统采集\传感器A1-B4 苗\A1-09-土-0502\0509\100038.tif,..秧苗素质-扫描系统采集\传感器A1-B4 苗\A1-09-土-0502\0509\100038.tif,scanner_directory::..秧苗素质-扫描系统采集\传感器a1-b4 苗\a1-09-土-0502\0509,0509,传感器a1-b4 苗,850,1386,5100,8315,14,1,0
src_0319,D:\kp\数据集图片\..秧苗素质-扫描系统采集\传感器A1-B4 苗\A1-09-土-0502\0510\100045.tif,..秧苗素质-扫描系统采集\传感器A1-B4 苗\A1-09-土-0502\0510\100045.tif,scanner_directory::..秧苗素质-扫描系统采集\传感器a1-b4 苗\a1-09-土-0502\0510,0510,传感器a1-b4 苗,850,1386,5100,8315,20,1,0
src_0320,D:\kp\数据集图片\..秧苗素质-扫描系统采集\传感器A1-B4 苗\A1-09-土-0502\0510\100046.tif,..秧苗素质-扫描系统采集\传感器A1-B4 苗\A1-09-土-0502\0510\100046.tif,scanner_directory::..秧苗素质-扫描系统采集\传感器a1-b4 苗\a1-09-土-0502\0510,0510,传感器a1-b4 苗,850,1386,5100,8315,19,1,0
src_0321,D:\kp\数据集图片\..秧苗素质-扫描系统采集\传感器A1-B4 苗\A1-09-土-0502\0510\100047.tif,..秧苗素质-扫描系统采集\传感器A1-B4 苗\A1-09-土-0502\0510\100047.tif,scanner_directory::..秧苗素质-扫描系统采集\传感器a1-b4 苗\a1-09-土-0502\0510,0510,传感器a1-b4 苗,850,1386,5100,8315,22,1,0
src_0322,D:\kp\数据集图片\..秧苗素质-扫描系统采集\传感器A1-B4 苗\A1-09-土-0502\0510\100048.tif,..秧苗素质-扫描系统采集\传感器A1-B4 苗\A1-09-土-0502\0510\100048.tif,scanner_directory::..秧苗素质-扫描系统采集\传感器a1-b4 苗\a1-09-土-0502\0510,0510,传感器a1-b4 苗,850,1386,5100,8315,9,1,0
src_0323,D:\kp\数据集图片\..秧苗素质-扫描系统采集\传感器A1-B4 苗\A1-09-土-0502\0511\100102.tif,..秧苗素质-扫描系统采集\传感器A1-B4 苗\A1-09-土-0502\0511\100102.tif,scanner_directory::..秧苗素质-扫描系统采集\传感器a1-b4 苗\a1-09-土-0502\0511,0511,传感器a1-b4 苗,850,1386,5100,8315,20,1,0
src_0324,D:\kp\数据集图片\..秧苗素质-扫描系统采集\传感器A1-B4 苗\A1-09-土-0502\0511\100103.tif,..秧苗素质-扫描系统采集\传感器A1-B4 苗\A1-09-土-0502\0511\100103.tif,scanner_directory::..秧苗素质-扫描系统采集\传感器a1-b4 苗\a1-09-土-0502\0511,0511,传感器a1-b4 苗,850,1386,5100,8315,14,1,0
src_0325,D:\kp\数据集图片\..秧苗素质-扫描系统采集\传感器A1-B4 苗\A1-09-土-0502\0511\100104.tif,..秧苗素质-扫描系统采集\传感器A1-B4 苗\A1-09-土-0502\0511\100104.tif,scanner_directory::..秧苗素质-扫描系统采集\传感器a1-b4 苗\a1-09-土-0502\0511,0511,传感器a1-b4 苗,850,1386,5100,8315,20,1,0
src_0326,D:\kp\数据集图片\..秧苗素质-扫描系统采集\传感器A1-B4 苗\A1-09-土-0502\0511\100105.tif,..秧苗素质-扫描系统采集\传感器A1-B4 苗\A1-09-土-0502\0511\100105.tif,scanner_directory::..秧苗素质-扫描系统采集\传感器a1-b4 苗\a1-09-土-0502\0511,0511,传感器a1-b4 苗,850,1386,5100,8315,18,1,0
src_0327,D:\kp\数据集图片\..秧苗素质-扫描系统采集\传感器A1-B4 苗\A1-09-土-0502\0511\100106.tif,..秧苗素质-扫描系统采集\传感器A1-B4 苗\A1-09-土-0502\0511\100106.tif,scanner_directory::..秧苗素质-扫描系统采集\传感器a1-b4 苗\a1-09-土-0502\0511,0511,传感器a1-b4 苗,850,1386,5100,8315,16,1,0
src_0328,D:\kp\数据集图片\..秧苗素质-扫描系统采集\传感器A1-B4 苗\A1-09-土-0502\0511\100107.tif,..秧苗素质-扫描系统采集\传感器A1-B4 苗\A1-09-土-0502\0511\100107.tif,scanner_directory::..秧苗素质-扫描系统采集\传感器a1-b4 苗\a1-09-土-0502\0511,0511,传感器a1-b4 苗,850,1386,5100,8315,17,1,0
src_0329,D:\kp\数据集图片\..秧苗素质-扫描系统采集\传感器A1-B4 苗\A1-09-土-0502\0512\test00125.tif,..秧苗素质-扫描系统采集\传感器A1-B4 苗\A1-09-土-0502\0512\test00125.tif,scanner_directory::..秧苗素质-扫描系统采集\传感器a1-b4 苗\a1-09-土-0502\0512,0512,传感器a1-b4 苗,850,1386,5100,8315,12,1,0
src_0330,D:\kp\数据集图片\..秧苗素质-扫描系统采集\传感器A1-B4 苗\A1-09-土-0502\0512\test00126.tif,..秧苗素质-扫描系统采集\传感器A1-B4 苗\A1-09-土-0502\0512\test00126.tif,scanner_directory::..秧苗素质-扫描系统采集\传感器a1-b4 苗\a1-09-土-0502\0512,0512,传感器a1-b4 苗,850,1386,5100,8315,16,1,0
src_0331,D:\kp\数据集图片\..秧苗素质-扫描系统采集\传感器A1-B4 苗\A1-09-土-0502\0512\test00127.tif,..秧苗素质-扫描系统采集\传感器A1-B4 苗\A1-09-土-0502\0512\test00127.tif,scanner_directory::..秧苗素质-扫描系统采集\传感器a1-b4 苗\a1-09-土-0502\0512,0512,传感器a1-b4 苗,850,1386,5100,8315,19,1,0
src_0332,D:\kp\数据集图片\..秧苗素质-扫描系统采集\传感器A1-B4 苗\A1-09-土-0502\0512\test00128.tif,..秧苗素质-扫描系统采集\传感器A1-B4 苗\A1-09-土-0502\0512\test00128.tif,scanner_directory::..秧苗素质-扫描系统采集\传感器a1-b4 苗\a1-09-土-0502\0512,0512,传感器a1-b4 苗,850,1386,5100,8315,16,1,0
src_0333,D:\kp\数据集图片\..秧苗素质-扫描系统采集\传感器A1-B4 苗\A1-09-土-0502\0513\0513A1T00001.tif,..秧苗素质-扫描系统采集\传感器A1-B4 苗\A1-09-土-0502\0513\0513A1T00001.tif,scanner_directory::..秧苗素质-扫描系统采集\传感器a1-b4 苗\a1-09-土-0502\0513,0513,传感器a1-b4 苗,850,1386,5100,8315,16,1,0
src_0334,D:\kp\数据集图片\..秧苗素质-扫描系统采集\传感器A1-B4 苗\A1-09-土-0502\0513\0513A1T00002.tif,..秧苗素质-扫描系统采集\传感器A1-B4 苗\A1-09-土-0502\0513\0513A1T00002.tif,scanner_directory::..秧苗素质-扫描系统采集\传感器a1-b4 苗\a1-09-土-0502\0513,0513,传感器a1-b4 苗,850,1386,5100,8315,19,1,0
src_0335,D:\kp\数据集图片\..秧苗素质-扫描系统采集\传感器A1-B4 苗\A1-09-土-0502\0513\0513A1T00003.tif,..秧苗素质-扫描系统采集\传感器A1-B4 苗\A1-09-土-0502\0513\0513A1T00003.tif,scanner_directory::..秧苗素质-扫描系统采集\传感器a1-b4 苗\a1-09-土-0502\0513,0513,传感器a1-b4 苗,850,1386,5100,8315,13,1,0
src_0336,D:\kp\数据集图片\..秧苗素质-扫描系统采集\传感器A1-B4 苗\A1-09-土-0502\0513\0513A1T00004.tif,..秧苗素质-扫描系统采集\传感器A1-B4 苗\A1-09-土-0502\0513\0513A1T00004.tif,scanner_directory::..秧苗素质-扫描系统采集\传感器a1-b4 苗\a1-09-土-0502\0513,0513,传感器a1-b4 苗,850,1386,5100,8315,14,1,0
src_0337,D:\kp\数据集图片\..秧苗素质-扫描系统采集\传感器A1-B4 苗\A1-09-土-0502\0513\0513A1T00005.tif,..秧苗素质-扫描系统采集\传感器A1-B4 苗\A1-09-土-0502\0513\0513A1T00005.tif,scanner_directory::..秧苗素质-扫描系统采集\传感器a1-b4 苗\a1-09-土-0502\0513,0513,传感器a1-b4 苗,850,1386,5100,8315,17,1,0
src_0338,D:\kp\数据集图片\..秧苗素质-扫描系统采集\传感器A1-B4 苗\A1-09-土-0502\0513\0513A1T00006.tif,..秧苗素质-扫描系统采集\传感器A1-B4 苗\A1-09-土-0502\0513\0513A1T00006.tif,scanner_directory::..秧苗素质-扫描系统采集\传感器a1-b4 苗\a1-09-土-0502\0513,0513,传感器a1-b4 苗,850,1386,5100,8315,16,1,0
src_0339,D:\kp\数据集图片\..秧苗素质-扫描系统采集\传感器A1-B4 苗\A1-09-土-0502\0513\0513A1T00007.tif,..秧苗素质-扫描系统采集\传感器A1-B4 苗\A1-09-土-0502\0513\0513A1T00007.tif,scanner_directory::..秧苗素质-扫描系统采集\传感器a1-b4 苗\a1-09-土-0502\0513,0513,传感器a1-b4 苗,850,1386,5100,8315,15,1,0
src_0340,D:\kp\数据集图片\..秧苗素质-扫描系统采集\传感器A1-B4 苗\A1-09-土-0502\0513\0513A1T00008.tif,..秧苗素质-扫描系统采集\传感器A1-B4 苗\A1-09-土-0502\0513\0513A1T00008.tif,scanner_directory::..秧苗素质-扫描系统采集\传感器a1-b4 苗\a1-09-土-0502\0513,0513,传感器a1-b4 苗,850,1386,5100,8315,11,1,0
src_0341,D:\kp\数据集图片\..秧苗素质-扫描系统采集\传感器A1-B4 苗\A1-09-土-0502\0514\0514A1T00001.tif,..秧苗素质-扫描系统采集\传感器A1-B4 苗\A1-09-土-0502\0514\0514A1T00001.tif,scanner_directory::..秧苗素质-扫描系统采集\传感器a1-b4 苗\a1-09-土-0502\0514,0514,传感器a1-b4 苗,850,1386,5100,8315,16,1,0
src_0342,D:\kp\数据集图片\..秧苗素质-扫描系统采集\传感器A1-B4 苗\A1-09-土-0502\0514\0514A1T00002.tif,..秧苗素质-扫描系统采集\传感器A1-B4 苗\A1-09-土-0502\0514\0514A1T00002.tif,scanner_directory::..秧苗素质-扫描系统采集\传感器a1-b4 苗\a1-09-土-0502\0514,0514,传感器a1-b4 苗,850,1386,5100,8315,12,1,0
src_0343,D:\kp\数据集图片\..秧苗素质-扫描系统采集\传感器A1-B4 苗\A1-09-土-0502\0514\0514A1T00003.tif,..秧苗素质-扫描系统采集\传感器A1-B4 苗\A1-09-土-0502\0514\0514A1T00003.tif,scanner_directory::..秧苗素质-扫描系统采集\传感器a1-b4 苗\a1-09-土-0502\0514,0514,传感器a1-b4 苗,850,1386,5100,8315,15,1,0
src_0344,D:\kp\数据集图片\..秧苗素质-扫描系统采集\传感器A1-B4 苗\A1-09-土-0502\0514\0514A1T00004.tif,..秧苗素质-扫描系统采集\传感器A1-B4 苗\A1-09-土-0502\0514\0514A1T00004.tif,scanner_directory::..秧苗素质-扫描系统采集\传感器a1-b4 苗\a1-09-土-0502\0514,0514,传感器a1-b4 苗,850,1386,5100,8315,12,1,0
src_0345,D:\kp\数据集图片\..秧苗素质-扫描系统采集\传感器A1-B4 苗\A1-09-土-0502\0514\0514A1T00005.tif,..秧苗素质-扫描系统采集\传感器A1-B4 苗\A1-09-土-0502\0514\0514A1T00005.tif,scanner_directory::..秧苗素质-扫描系统采集\传感器a1-b4 苗\a1-09-土-0502\0514,0514,传感器a1-b4 苗,850,1386,5100,8315,16,1,0
src_0346,D:\kp\数据集图片\..秧苗素质-扫描系统采集\传感器A1-B4 苗\A1-09-土-0502\0514\0514A1T00006.tif,..秧苗素质-扫描系统采集\传感器A1-B4 苗\A1-09-土-0502\0514\0514A1T00006.tif,scanner_directory::..秧苗素质-扫描系统采集\传感器a1-b4 苗\a1-09-土-0502\0514,0514,传感器a1-b4 苗,850,1386,5100,8315,17,1,0
src_0347,D:\kp\数据集图片\..秧苗素质-扫描系统采集\传感器A1-B4 苗\A1-09-土-0502\0515\1.tif,..秧苗素质-扫描系统采集\传感器A1-B4 苗\A1-09-土-0502\0515\1.tif,scanner_directory::..秧苗素质-扫描系统采集\传感器a1-b4 苗\a1-09-土-0502\0515,0515,传感器a1-b4 苗,850,1386,5100,8315,15,1,0
src_0348,D:\kp\数据集图片\..秧苗素质-扫描系统采集\传感器A1-B4 苗\A1-09-土-0502\0515\2.tif,..秧苗素质-扫描系统采集\传感器A1-B4 苗\A1-09-土-0502\0515\2.tif,scanner_directory::..秧苗素质-扫描系统采集\传感器a1-b4 苗\a1-09-土-0502\0515,0515,传感器a1-b4 苗,850,1386,5100,8315,14,1,0
src_0349,D:\kp\数据集图片\..秧苗素质-扫描系统采集\传感器A1-B4 苗\A1-09-土-0502\0515\3.tif,..秧苗素质-扫描系统采集\传感器A1-B4 苗\A1-09-土-0502\0515\3.tif,scanner_directory::..秧苗素质-扫描系统采集\传感器a1-b4 苗\a1-09-土-0502\0515,0515,传感器a1-b4 苗,850,1386,5100,8315,14,1,0
src_0350,D:\kp\数据集图片\..秧苗素质-扫描系统采集\传感器A1-B4 苗\A1-09-土-0502\0516\100057.tif,..秧苗素质-扫描系统采集\传感器A1-B4 苗\A1-09-土-0502\0516\100057.tif,scanner_directory::..秧苗素质-扫描系统采集\传感器a1-b4 苗\a1-09-土-0502\0516,0516,传感器a1-b4 苗,850,1386,5100,8315,15,1,0
src_0351,D:\kp\数据集图片\..秧苗素质-扫描系统采集\传感器A1-B4 苗\A1-09-土-0502\0516\100058.tif,..秧苗素质-扫描系统采集\传感器A1-B4 苗\A1-09-土-0502\0516\100058.tif,scanner_directory::..秧苗素质-扫描系统采集\传感器a1-b4 苗\a1-09-土-0502\0516,0516,传感器a1-b4 苗,850,1386,5100,8315,14,1,0
src_0352,D:\kp\数据集图片\..秧苗素质-扫描系统采集\传感器A1-B4 苗\A1-09-土-0502\0516\100059.tif,..秧苗素质-扫描系统采集\传感器A1-B4 苗\A1-09-土-0502\0516\100059.tif,scanner_directory::..秧苗素质-扫描系统采集\传感器a1-b4 苗\a1-09-土-0502\0516,0516,传感器a1-b4 苗,850,1386,5100,8315,12,1,0
src_0353,D:\kp\数据集图片\..秧苗素质-扫描系统采集\传感器A1-B4 苗\A1-09-土-0502\0517\100063.tif,..秧苗素质-扫描系统采集\传感器A1-B4 苗\A1-09-土-0502\0517\100063.tif,scanner_directory::..秧苗素质-扫描系统采集\传感器a1-b4 苗\a1-09-土-0502\0517,0517,传感器a1-b4 苗,850,1386,5100,8315,11,1,0
src_0354,D:\kp\数据集图片\..秧苗素质-扫描系统采集\传感器A1-B4 苗\A1-09-土-0502\0517\100064.tif,..秧苗素质-扫描系统采集\传感器A1-B4 苗\A1-09-土-0502\0517\100064.tif,scanner_directory::..秧苗素质-扫描系统采集\传感器a1-b4 苗\a1-09-土-0502\0517,0517,传感器a1-b4 苗,850,1386,5100,8315,14,1,0
src_0355,D:\kp\数据集图片\..秧苗素质-扫描系统采集\传感器A1-B4 苗\A1-09-土-0502\0517\100065.tif,..秧苗素质-扫描系统采集\传感器A1-B4 苗\A1-09-土-0502\0517\100065.tif,scanner_directory::..秧苗素质-扫描系统采集\传感器a1-b4 苗\a1-09-土-0502\0517,0517,传感器a1-b4 苗,850,1386,5100,8315,6,1,0
src_0356,D:\kp\数据集图片\..秧苗素质-扫描系统采集\传感器A1-B4 苗\A1-09-土-0502\0518\100085.tif,..秧苗素质-扫描系统采集\传感器A1-B4 苗\A1-09-土-0502\0518\100085.tif,scanner_directory::..秧苗素质-扫描系统采集\传感器a1-b4 苗\a1-09-土-0502\0518,0518,传感器a1-b4 苗,850,1386,5100,8315,9,1,0
src_0357,D:\kp\数据集图片\..秧苗素质-扫描系统采集\传感器A1-B4 苗\A1-09-土-0502\0518\100086.tif,..秧苗素质-扫描系统采集\传感器A1-B4 苗\A1-09-土-0502\0518\100086.tif,scanner_directory::..秧苗素质-扫描系统采集\传感器a1-b4 苗\a1-09-土-0502\0518,0518,传感器a1-b4 苗,850,1386,5100,8315,11,1,0
src_0358,D:\kp\数据集图片\..秧苗素质-扫描系统采集\传感器A1-B4 苗\A1-09-土-0502\0518\100087.tif,..秧苗素质-扫描系统采集\传感器A1-B4 苗\A1-09-土-0502\0518\100087.tif,scanner_directory::..秧苗素质-扫描系统采集\传感器a1-b4 苗\a1-09-土-0502\0518,0518,传感器a1-b4 苗,850,1386,5100,8315,10,1,0
src_0359,D:\kp\数据集图片\..秧苗素质-扫描系统采集\传感器A1-B4 苗\A1-13-黑基质-0502\0509\100039.tif,..秧苗素质-扫描系统采集\传感器A1-B4 苗\A1-13-黑基质-0502\0509\100039.tif,scanner_directory::..秧苗素质-扫描系统采集\传感器a1-b4 苗\a1-13-黑基质-0502\0509,0509,传感器a1-b4 苗,850,1386,5100,8315,15,1,0
src_0360,D:\kp\数据集图片\..秧苗素质-扫描系统采集\传感器A1-B4 苗\A1-13-黑基质-0502\0509\100040.tif,..秧苗素质-扫描系统采集\传感器A1-B4 苗\A1-13-黑基质-0502\0509\100040.tif,scanner_directory::..秧苗素质-扫描系统采集\传感器a1-b4 苗\a1-13-黑基质-0502\0509,0509,传感器a1-b4 苗,850,1386,5100,8315,16,1,0
src_0361,D:\kp\数据集图片\..秧苗素质-扫描系统采集\传感器A1-B4 苗\A1-13-黑基质-0502\0510\100041.tif,..秧苗素质-扫描系统采集\传感器A1-B4 苗\A1-13-黑基质-0502\0510\100041.tif,scanner_directory::..秧苗素质-扫描系统采集\传感器a1-b4 苗\a1-13-黑基质-0502\0510,0510,传感器a1-b4 苗,850,1386,5100,8315,18,1,0
src_0362,D:\kp\数据集图片\..秧苗素质-扫描系统采集\传感器A1-B4 苗\A1-13-黑基质-0502\0510\100042.tif,..秧苗素质-扫描系统采集\传感器A1-B4 苗\A1-13-黑基质-0502\0510\100042.tif,scanner_directory::..秧苗素质-扫描系统采集\传感器a1-b4 苗\a1-13-黑基质-0502\0510,0510,传感器a1-b4 苗,850,1386,5100,8315,19,1,0
src_0363,D:\kp\数据集图片\..秧苗素质-扫描系统采集\传感器A1-B4 苗\A1-13-黑基质-0502\0510\100043.tif,..秧苗素质-扫描系统采集\传感器A1-B4 苗\A1-13-黑基质-0502\0510\100043.tif,scanner_directory::..秧苗素质-扫描系统采集\传感器a1-b4 苗\a1-13-黑基质-0502\0510,0510,传感器a1-b4 苗,850,1386,5100,8315,20,1,0
src_0364,D:\kp\数据集图片\..秧苗素质-扫描系统采集\传感器A1-B4 苗\A1-13-黑基质-0502\0510\100044.tif,..秧苗素质-扫描系统采集\传感器A1-B4 苗\A1-13-黑基质-0502\0510\100044.tif,scanner_directory::..秧苗素质-扫描系统采集\传感器a1-b4 苗\a1-13-黑基质-0502\0510,0510,传感器a1-b4 苗,850,1386,5100,8315,22,1,0
src_0365,D:\kp\数据集图片\..秧苗素质-扫描系统采集\传感器A1-B4 苗\A1-13-黑基质-0502\0511\100098.tif,..秧苗素质-扫描系统采集\传感器A1-B4 苗\A1-13-黑基质-0502\0511\100098.tif,scanner_directory::..秧苗素质-扫描系统采集\传感器a1-b4 苗\a1-13-黑基质-0502\0511,0511,传感器a1-b4 苗,850,1386,5100,8315,20,1,0
src_0366,D:\kp\数据集图片\..秧苗素质-扫描系统采集\传感器A1-B4 苗\A1-13-黑基质-0502\0511\100099.tif,..秧苗素质-扫描系统采集\传感器A1-B4 苗\A1-13-黑基质-0502\0511\100099.tif,scanner_directory::..秧苗素质-扫描系统采集\传感器a1-b4 苗\a1-13-黑基质-0502\0511,0511,传感器a1-b4 苗,850,1386,5100,8315,19,1,0
src_0367,D:\kp\数据集图片\..秧苗素质-扫描系统采集\传感器A1-B4 苗\A1-13-黑基质-0502\0511\100100.tif,..秧苗素质-扫描系统采集\传感器A1-B4 苗\A1-13-黑基质-0502\0511\100100.tif,scanner_directory::..秧苗素质-扫描系统采集\传感器a1-b4 苗\a1-13-黑基质-0502\0511,0511,传感器a1-b4 苗,850,1386,5100,8315,20,1,0
src_0368,D:\kp\数据集图片\..秧苗素质-扫描系统采集\传感器A1-B4 苗\A1-13-黑基质-0502\0511\100101.tif,..秧苗素质-扫描系统采集\传感器A1-B4 苗\A1-13-黑基质-0502\0511\100101.tif,scanner_directory::..秧苗素质-扫描系统采集\传感器a1-b4 苗\a1-13-黑基质-0502\0511,0511,传感器a1-b4 苗,850,1386,5100,8315,19,1,0
src_0369,D:\kp\数据集图片\..秧苗素质-扫描系统采集\传感器A1-B4 苗\A1-13-黑基质-0502\0512\test00121.tif,..秧苗素质-扫描系统采集\传感器A1-B4 苗\A1-13-黑基质-0502\0512\test00121.tif,scanner_directory::..秧苗素质-扫描系统采集\传感器a1-b4 苗\a1-13-黑基质-0502\0512,0512,传感器a1-b4 苗,850,1386,5100,8315,22,1,0
src_0370,D:\kp\数据集图片\..秧苗素质-扫描系统采集\传感器A1-B4 苗\A1-13-黑基质-0502\0512\test00122.tif,..秧苗素质-扫描系统采集\传感器A1-B4 苗\A1-13-黑基质-0502\0512\test00122.tif,scanner_directory::..秧苗素质-扫描系统采集\传感器a1-b4 苗\a1-13-黑基质-0502\0512,0512,传感器a1-b4 苗,850,1386,5100,8315,20,1,0
src_0371,D:\kp\数据集图片\..秧苗素质-扫描系统采集\传感器A1-B4 苗\A1-13-黑基质-0502\0512\test00123.tif,..秧苗素质-扫描系统采集\传感器A1-B4 苗\A1-13-黑基质-0502\0512\test00123.tif,scanner_directory::..秧苗素质-扫描系统采集\传感器a1-b4 苗\a1-13-黑基质-0502\0512,0512,传感器a1-b4 苗,850,1386,5100,8315,18,1,0
src_0372,D:\kp\数据集图片\..秧苗素质-扫描系统采集\传感器A1-B4 苗\A1-13-黑基质-0502\0512\test00124.tif,..秧苗素质-扫描系统采集\传感器A1-B4 苗\A1-13-黑基质-0502\0512\test00124.tif,scanner_directory::..秧苗素质-扫描系统采集\传感器a1-b4 苗\a1-13-黑基质-0502\0512,0512,传感器a1-b4 苗,850,1386,5100,8315,17,1,0
src_0373,D:\kp\数据集图片\..秧苗素质-扫描系统采集\传感器A1-B4 苗\A1-13-黑基质-0502\0513\0513A1J00001.tif,..秧苗素质-扫描系统采集\传感器A1-B4 苗\A1-13-黑基质-0502\0513\0513A1J00001.tif,scanner_directory::..秧苗素质-扫描系统采集\传感器a1-b4 苗\a1-13-黑基质-0502\0513,0513,传感器a1-b4 苗,850,1386,5100,8315,24,1,0
src_0374,D:\kp\数据集图片\..秧苗素质-扫描系统采集\传感器A1-B4 苗\A1-13-黑基质-0502\0513\0513A1J00002.tif,..秧苗素质-扫描系统采集\传感器A1-B4 苗\A1-13-黑基质-0502\0513\0513A1J00002.tif,scanner_directory::..秧苗素质-扫描系统采集\传感器a1-b4 苗\a1-13-黑基质-0502\0513,0513,传感器a1-b4 苗,850,1386,5100,8315,26,1,0
src_0375,D:\kp\数据集图片\..秧苗素质-扫描系统采集\传感器A1-B4 苗\A1-13-黑基质-0502\0513\0513A1J00003.tif,..秧苗素质-扫描系统采集\传感器A1-B4 苗\A1-13-黑基质-0502\0513\0513A1J00003.tif,scanner_directory::..秧苗素质-扫描系统采集\传感器a1-b4 苗\a1-13-黑基质-0502\0513,0513,传感器a1-b4 苗,850,1386,5100,8315,22,1,0
src_0376,D:\kp\数据集图片\..秧苗素质-扫描系统采集\传感器A1-B4 苗\A1-13-黑基质-0502\0514\0514A1J00001.tif,..秧苗素质-扫描系统采集\传感器A1-B4 苗\A1-13-黑基质-0502\0514\0514A1J00001.tif,scanner_directory::..秧苗素质-扫描系统采集\传感器a1-b4 苗\a1-13-黑基质-0502\0514,0514,传感器a1-b4 苗,850,1386,5100,8315,22,1,0
src_0377,D:\kp\数据集图片\..秧苗素质-扫描系统采集\传感器A1-B4 苗\A1-13-黑基质-0502\0514\0514A1J00002.tif,..秧苗素质-扫描系统采集\传感器A1-B4 苗\A1-13-黑基质-0502\0514\0514A1J00002.tif,scanner_directory::..秧苗素质-扫描系统采集\传感器a1-b4 苗\a1-13-黑基质-0502\0514,0514,传感器a1-b4 苗,850,1386,5100,8315,26,1,0
src_0378,D:\kp\数据集图片\..秧苗素质-扫描系统采集\传感器A1-B4 苗\A1-13-黑基质-0502\0514\0514A1J00003.tif,..秧苗素质-扫描系统采集\传感器A1-B4 苗\A1-13-黑基质-0502\0514\0514A1J00003.tif,scanner_directory::..秧苗素质-扫描系统采集\传感器a1-b4 苗\a1-13-黑基质-0502\0514,0514,传感器a1-b4 苗,850,1386,5100,8315,31,1,0
src_0379,D:\kp\数据集图片\..秧苗素质-扫描系统采集\传感器A1-B4 苗\A1-13-黑基质-0502\0515\1.tif,..秧苗素质-扫描系统采集\传感器A1-B4 苗\A1-13-黑基质-0502\0515\1.tif,scanner_directory::..秧苗素质-扫描系统采集\传感器a1-b4 苗\a1-13-黑基质-0502\0515,0515,传感器a1-b4 苗,850,1386,5100,8315,18,1,0
src_0380,D:\kp\数据集图片\..秧苗素质-扫描系统采集\传感器A1-B4 苗\A1-13-黑基质-0502\0515\2.tif,..秧苗素质-扫描系统采集\传感器A1-B4 苗\A1-13-黑基质-0502\0515\2.tif,scanner_directory::..秧苗素质-扫描系统采集\传感器a1-b4 苗\a1-13-黑基质-0502\0515,0515,传感器a1-b4 苗,850,1386,5100,8315,18,1,0
src_0381,D:\kp\数据集图片\..秧苗素质-扫描系统采集\传感器A1-B4 苗\A1-13-黑基质-0502\0515\3.tif,..秧苗素质-扫描系统采集\传感器A1-B4 苗\A1-13-黑基质-0502\0515\3.tif,scanner_directory::..秧苗素质-扫描系统采集\传感器a1-b4 苗\a1-13-黑基质-0502\0515,0515,传感器a1-b4 苗,850,1386,5100,8315,17,1,0
src_0382,D:\kp\数据集图片\..秧苗素质-扫描系统采集\传感器A1-B4 苗\A1-13-黑基质-0502\0516\100054.tif,..秧苗素质-扫描系统采集\传感器A1-B4 苗\A1-13-黑基质-0502\0516\100054.tif,scanner_directory::..秧苗素质-扫描系统采集\传感器a1-b4 苗\a1-13-黑基质-0502\0516,0516,传感器a1-b4 苗,850,1386,5100,8315,15,1,0
src_0383,D:\kp\数据集图片\..秧苗素质-扫描系统采集\传感器A1-B4 苗\A1-13-黑基质-0502\0516\100055.tif,..秧苗素质-扫描系统采集\传感器A1-B4 苗\A1-13-黑基质-0502\0516\100055.tif,scanner_directory::..秧苗素质-扫描系统采集\传感器a1-b4 苗\a1-13-黑基质-0502\0516,0516,传感器a1-b4 苗,850,1386,5100,8315,15,1,0
src_0384,D:\kp\数据集图片\..秧苗素质-扫描系统采集\传感器A1-B4 苗\A1-13-黑基质-0502\0516\100056.tif,..秧苗素质-扫描系统采集\传感器A1-B4 苗\A1-13-黑基质-0502\0516\100056.tif,scanner_directory::..秧苗素质-扫描系统采集\传感器a1-b4 苗\a1-13-黑基质-0502\0516,0516,传感器a1-b4 苗,850,1386,5100,8315,12,1,0
src_0385,D:\kp\数据集图片\..秧苗素质-扫描系统采集\传感器A1-B4 苗\A1-13-黑基质-0502\0517\100069.tif,..秧苗素质-扫描系统采集\传感器A1-B4 苗\A1-13-黑基质-0502\0517\100069.tif,scanner_directory::..秧苗素质-扫描系统采集\传感器a1-b4 苗\a1-13-黑基质-0502\0517,0517,传感器a1-b4 苗,850,1386,5100,8315,11,1,0
src_0386,D:\kp\数据集图片\..秧苗素质-扫描系统采集\传感器A1-B4 苗\A1-13-黑基质-0502\0517\100070.tif,..秧苗素质-扫描系统采集\传感器A1-B4 苗\A1-13-黑基质-0502\0517\100070.tif,scanner_directory::..秧苗素质-扫描系统采集\传感器a1-b4 苗\a1-13-黑基质-0502\0517,0517,传感器a1-b4 苗,850,1386,5100,8315,10,1,0
src_0387,D:\kp\数据集图片\..秧苗素质-扫描系统采集\传感器A1-B4 苗\A1-13-黑基质-0502\0517\100071.tif,..秧苗素质-扫描系统采集\传感器A1-B4 苗\A1-13-黑基质-0502\0517\100071.tif,scanner_directory::..秧苗素质-扫描系统采集\传感器a1-b4 苗\a1-13-黑基质-0502\0517,0517,传感器a1-b4 苗,850,1386,5100,8315,8,1,0
src_0388,D:\kp\数据集图片\..秧苗素质-扫描系统采集\传感器A1-B4 苗\A1-13-黑基质-0502\0518\100088.tif,..秧苗素质-扫描系统采集\传感器A1-B4 苗\A1-13-黑基质-0502\0518\100088.tif,scanner_directory::..秧苗素质-扫描系统采集\传感器a1-b4 苗\a1-13-黑基质-0502\0518,0518,传感器a1-b4 苗,850,1386,5100,8315,10,1,0
src_0389,D:\kp\数据集图片\..秧苗素质-扫描系统采集\传感器A1-B4 苗\A1-13-黑基质-0502\0518\100089.tif,..秧苗素质-扫描系统采集\传感器A1-B4 苗\A1-13-黑基质-0502\0518\100089.tif,scanner_directory::..秧苗素质-扫描系统采集\传感器a1-b4 苗\a1-13-黑基质-0502\0518,0518,传感器a1-b4 苗,850,1386,5100,8315,12,1,0
src_0390,D:\kp\数据集图片\..秧苗素质-扫描系统采集\传感器A1-B4 苗\A1-13-黑基质-0502\0518\100090.tif,..秧苗素质-扫描系统采集\传感器A1-B4 苗\A1-13-黑基质-0502\0518\100090.tif,scanner_directory::..秧苗素质-扫描系统采集\传感器a1-b4 苗\a1-13-黑基质-0502\0518,0518,传感器a1-b4 苗,850,1386,5100,8315,9,1,0
src_0391,D:\kp\数据集图片\..秧苗素质-扫描系统采集\传感器A1-B4 苗\A2-10-土-0417\0509\100032.tif,..秧苗素质-扫描系统采集\传感器A1-B4 苗\A2-10-土-0417\0509\100032.tif,scanner_directory::..秧苗素质-扫描系统采集\传感器a1-b4 苗\a2-10-土-0417\0509,0509,传感器a1-b4 苗,850,1386,5100,8315,14,1,0
src_0392,D:\kp\数据集图片\..秧苗素质-扫描系统采集\传感器A1-B4 苗\A2-10-土-0417\0509\100033.tif,..秧苗素质-扫描系统采集\传感器A1-B4 苗\A2-10-土-0417\0509\100033.tif,scanner_directory::..秧苗素质-扫描系统采集\传感器a1-b4 苗\a2-10-土-0417\0509,0509,传感器a1-b4 苗,850,1386,5100,8315,15,1,0
src_0393,D:\kp\数据集图片\..秧苗素质-扫描系统采集\传感器A1-B4 苗\A2-10-土-0417\0509\100034.tif,..秧苗素质-扫描系统采集\传感器A1-B4 苗\A2-10-土-0417\0509\100034.tif,scanner_directory::..秧苗素质-扫描系统采集\传感器a1-b4 苗\a2-10-土-0417\0509,0509,传感器a1-b4 苗,850,1386,5100,8315,15,1,0
src_0394,D:\kp\数据集图片\..秧苗素质-扫描系统采集\传感器A1-B4 苗\A2-10-土-0417\0509\100035.tif,..秧苗素质-扫描系统采集\传感器A1-B4 苗\A2-10-土-0417\0509\100035.tif,scanner_directory::..秧苗素质-扫描系统采集\传感器a1-b4 苗\a2-10-土-0417\0509,0509,传感器a1-b4 苗,850,1386,5100,8315,19,1,0
src_0395,D:\kp\数据集图片\..秧苗素质-扫描系统采集\传感器A1-B4 苗\A2-10-土-0417\0510\100049.tif,..秧苗素质-扫描系统采集\传感器A1-B4 苗\A2-10-土-0417\0510\100049.tif,scanner_directory::..秧苗素质-扫描系统采集\传感器a1-b4 苗\a2-10-土-0417\0510,0510,传感器a1-b4 苗,850,1386,5100,8315,11,1,0
src_0396,D:\kp\数据集图片\..秧苗素质-扫描系统采集\传感器A1-B4 苗\A2-10-土-0417\0510\100050.tif,..秧苗素质-扫描系统采集\传感器A1-B4 苗\A2-10-土-0417\0510\100050.tif,scanner_directory::..秧苗素质-扫描系统采集\传感器a1-b4 苗\a2-10-土-0417\0510,0510,传感器a1-b4 苗,850,1386,5100,8315,15,1,0
src_0397,D:\kp\数据集图片\..秧苗素质-扫描系统采集\传感器A1-B4 苗\A2-10-土-0417\0510\100051.tif,..秧苗素质-扫描系统采集\传感器A1-B4 苗\A2-10-土-0417\0510\100051.tif,scanner_directory::..秧苗素质-扫描系统采集\传感器a1-b4 苗\a2-10-土-0417\0510,0510,传感器a1-b4 苗,850,1386,5100,8315,10,1,0
src_0398,D:\kp\数据集图片\..秧苗素质-扫描系统采集\传感器A1-B4 苗\A2-10-土-0417\0510\100052.tif,..秧苗素质-扫描系统采集\传感器A1-B4 苗\A2-10-土-0417\0510\100052.tif,scanner_directory::..秧苗素质-扫描系统采集\传感器a1-b4 苗\a2-10-土-0417\0510,0510,传感器a1-b4 苗,850,1386,5100,8315,11,1,0
src_0399,D:\kp\数据集图片\..秧苗素质-扫描系统采集\传感器A1-B4 苗\A2-10-土-0417\0510\100053.tif,..秧苗素质-扫描系统采集\传感器A1-B4 苗\A2-10-土-0417\0510\100053.tif,scanner_directory::..秧苗素质-扫描系统采集\传感器a1-b4 苗\a2-10-土-0417\0510,0510,传感器a1-b4 苗,850,1386,5100,8315,10,1,0
src_0400,D:\kp\数据集图片\..秧苗素质-扫描系统采集\传感器A1-B4 苗\A2-10-土-0417\0511\100093.tif,..秧苗素质-扫描系统采集\传感器A1-B4 苗\A2-10-土-0417\0511\100093.tif,scanner_directory::..秧苗素质-扫描系统采集\传感器a1-b4 苗\a2-10-土-0417\0511,0511,传感器a1-b4 苗,850,1386,5100,8315,12,1,0
src_0401,D:\kp\数据集图片\..秧苗素质-扫描系统采集\传感器A1-B4 苗\A2-10-土-0417\0511\100094.tif,..秧苗素质-扫描系统采集\传感器A1-B4 苗\A2-10-土-0417\0511\100094.tif,scanner_directory::..秧苗素质-扫描系统采集\传感器a1-b4 苗\a2-10-土-0417\0511,0511,传感器a1-b4 苗,850,1386,5100,8315,13,1,0
src_0402,D:\kp\数据集图片\..秧苗素质-扫描系统采集\传感器A1-B4 苗\A2-10-土-0417\0511\100095.tif,..秧苗素质-扫描系统采集\传感器A1-B4 苗\A2-10-土-0417\0511\100095.tif,scanner_directory::..秧苗素质-扫描系统采集\传感器a1-b4 苗\a2-10-土-0417\0511,0511,传感器a1-b4 苗,850,1386,5100,8315,13,1,0
src_0403,D:\kp\数据集图片\..秧苗素质-扫描系统采集\传感器A1-B4 苗\A2-10-土-0417\0511\100096.tif,..秧苗素质-扫描系统采集\传感器A1-B4 苗\A2-10-土-0417\0511\100096.tif,scanner_directory::..秧苗素质-扫描系统采集\传感器a1-b4 苗\a2-10-土-0417\0511,0511,传感器a1-b4 苗,850,1386,5100,8315,17,1,0
src_0404,D:\kp\数据集图片\..秧苗素质-扫描系统采集\传感器A1-B4 苗\A2-10-土-0417\0511\100097.tif,..秧苗素质-扫描系统采集\传感器A1-B4 苗\A2-10-土-0417\0511\100097.tif,scanner_directory::..秧苗素质-扫描系统采集\传感器a1-b4 苗\a2-10-土-0417\0511,0511,传感器a1-b4 苗,850,1386,5100,8315,9,1,0
src_0405,D:\kp\数据集图片\..秧苗素质-扫描系统采集\传感器A1-B4 苗\A2-10-土-0417\0512\test00129.tif,..秧苗素质-扫描系统采集\传感器A1-B4 苗\A2-10-土-0417\0512\test00129.tif,scanner_directory::..秧苗素质-扫描系统采集\传感器a1-b4 苗\a2-10-土-0417\0512,0512,传感器a1-b4 苗,850,1386,5100,8315,10,1,0
src_0406,D:\kp\数据集图片\..秧苗素质-扫描系统采集\传感器A1-B4 苗\A2-10-土-0417\0512\test00130.tif,..秧苗素质-扫描系统采集\传感器A1-B4 苗\A2-10-土-0417\0512\test00130.tif,scanner_directory::..秧苗素质-扫描系统采集\传感器a1-b4 苗\a2-10-土-0417\0512,0512,传感器a1-b4 苗,850,1386,5100,8315,13,1,0
src_0407,D:\kp\数据集图片\..秧苗素质-扫描系统采集\传感器A1-B4 苗\A2-10-土-0417\0512\test00131.tif,..秧苗素质-扫描系统采集\传感器A1-B4 苗\A2-10-土-0417\0512\test00131.tif,scanner_directory::..秧苗素质-扫描系统采集\传感器a1-b4 苗\a2-10-土-0417\0512,0512,传感器a1-b4 苗,850,1386,5100,8315,15,1,0
src_0408,D:\kp\数据集图片\..秧苗素质-扫描系统采集\传感器A1-B4 苗\A2-10-土-0417\0512\test00132.tif,..秧苗素质-扫描系统采集\传感器A1-B4 苗\A2-10-土-0417\0512\test00132.tif,scanner_directory::..秧苗素质-扫描系统采集\传感器a1-b4 苗\a2-10-土-0417\0512,0512,传感器a1-b4 苗,850,1386,5100,8315,12,1,0
src_0409,D:\kp\数据集图片\..秧苗素质-扫描系统采集\传感器A1-B4 苗\A2-10-土-0417\0512\test00133.tif,..秧苗素质-扫描系统采集\传感器A1-B4 苗\A2-10-土-0417\0512\test00133.tif,scanner_directory::..秧苗素质-扫描系统采集\传感器a1-b4 苗\a2-10-土-0417\0512,0512,传感器a1-b4 苗,850,1386,5100,8315,11,1,0
src_0410,D:\kp\数据集图片\..秧苗素质-扫描系统采集\传感器A1-B4 苗\A2-10-土-0417\0513\0513A200001.tif,..秧苗素质-扫描系统采集\传感器A1-B4 苗\A2-10-土-0417\0513\0513A200001.tif,scanner_directory::..秧苗素质-扫描系统采集\传感器a1-b4 苗\a2-10-土-0417\0513,0513,传感器a1-b4 苗,850,1386,5100,8315,13,1,0
src_0411,D:\kp\数据集图片\..秧苗素质-扫描系统采集\传感器A1-B4 苗\A2-10-土-0417\0513\0513A200002.tif,..秧苗素质-扫描系统采集\传感器A1-B4 苗\A2-10-土-0417\0513\0513A200002.tif,scanner_directory::..秧苗素质-扫描系统采集\传感器a1-b4 苗\a2-10-土-0417\0513,0513,传感器a1-b4 苗,850,1386,5100,8315,12,1,0
src_0412,D:\kp\数据集图片\..秧苗素质-扫描系统采集\传感器A1-B4 苗\A2-10-土-0417\0513\0513A200003.tif,..秧苗素质-扫描系统采集\传感器A1-B4 苗\A2-10-土-0417\0513\0513A200003.tif,scanner_directory::..秧苗素质-扫描系统采集\传感器a1-b4 苗\a2-10-土-0417\0513,0513,传感器a1-b4 苗,850,1386,5100,8315,15,1,0
src_0413,D:\kp\数据集图片\..秧苗素质-扫描系统采集\传感器A1-B4 苗\A2-10-土-0417\0513\0513A200004.tif,..秧苗素质-扫描系统采集\传感器A1-B4 苗\A2-10-土-0417\0513\0513A200004.tif,scanner_directory::..秧苗素质-扫描系统采集\传感器a1-b4 苗\a2-10-土-0417\0513,0513,传感器a1-b4 苗,850,1386,5100,8315,15,1,0
src_0414,D:\kp\数据集图片\..秧苗素质-扫描系统采集\传感器A1-B4 苗\A2-10-土-0417\0513\0513A200005.tif,..秧苗素质-扫描系统采集\传感器A1-B4 苗\A2-10-土-0417\0513\0513A200005.tif,scanner_directory::..秧苗素质-扫描系统采集\传感器a1-b4 苗\a2-10-土-0417\0513,0513,传感器a1-b4 苗,850,1386,5100,8315,10,1,0
src_0415,D:\kp\数据集图片\..秧苗素质-扫描系统采集\传感器A1-B4 苗\A2-10-土-0417\0514\0514A200001.tif,..秧苗素质-扫描系统采集\传感器A1-B4 苗\A2-10-土-0417\0514\0514A200001.tif,scanner_directory::..秧苗素质-扫描系统采集\传感器a1-b4 苗\a2-10-土-0417\0514,0514,传感器a1-b4 苗,850,1386,5100,8315,11,1,0
src_0416,D:\kp\数据集图片\..秧苗素质-扫描系统采集\传感器A1-B4 苗\A2-10-土-0417\0514\0514A200002.tif,..秧苗素质-扫描系统采集\传感器A1-B4 苗\A2-10-土-0417\0514\0514A200002.tif,scanner_directory::..秧苗素质-扫描系统采集\传感器a1-b4 苗\a2-10-土-0417\0514,0514,传感器a1-b4 苗,850,1386,5100,8315,8,1,0
src_0417,D:\kp\数据集图片\..秧苗素质-扫描系统采集\传感器A1-B4 苗\A2-10-土-0417\0514\0514A200003.tif,..秧苗素质-扫描系统采集\传感器A1-B4 苗\A2-10-土-0417\0514\0514A200003.tif,scanner_directory::..秧苗素质-扫描系统采集\传感器a1-b4 苗\a2-10-土-0417\0514,0514,传感器a1-b4 苗,850,1386,5100,8315,13,1,0
src_0418,D:\kp\数据集图片\..秧苗素质-扫描系统采集\传感器A1-B4 苗\A2-10-土-0417\0514\0514A200004.tif,..秧苗素质-扫描系统采集\传感器A1-B4 苗\A2-10-土-0417\0514\0514A200004.tif,scanner_directory::..秧苗素质-扫描系统采集\传感器a1-b4 苗\a2-10-土-0417\0514,0514,传感器a1-b4 苗,850,1386,5100,8315,15,1,0
src_0419,D:\kp\数据集图片\..秧苗素质-扫描系统采集\传感器A1-B4 苗\A2-10-土-0417\0514\0514A200005.tif,..秧苗素质-扫描系统采集\传感器A1-B4 苗\A2-10-土-0417\0514\0514A200005.tif,scanner_directory::..秧苗素质-扫描系统采集\传感器a1-b4 苗\a2-10-土-0417\0514,0514,传感器a1-b4 苗,850,1386,5100,8315,12,1,0
src_0420,D:\kp\数据集图片\..秧苗素质-扫描系统采集\传感器A1-B4 苗\A2-10-土-0417\0514\0514A200006.tif,..秧苗素质-扫描系统采集\传感器A1-B4 苗\A2-10-土-0417\0514\0514A200006.tif,scanner_directory::..秧苗素质-扫描系统采集\传感器a1-b4 苗\a2-10-土-0417\0514,0514,传感器a1-b4 苗,850,1386,5100,8315,13,1,0
src_0421,D:\kp\数据集图片\..秧苗素质-扫描系统采集\传感器A1-B4 苗\A2-10-土-0417\0514\0514A200007.tif,..秧苗素质-扫描系统采集\传感器A1-B4 苗\A2-10-土-0417\0514\0514A200007.tif,scanner_directory::..秧苗素质-扫描系统采集\传感器a1-b4 苗\a2-10-土-0417\0514,0514,传感器a1-b4 苗,850,1386,5100,8315,16,1,0
src_0422,D:\kp\数据集图片\..秧苗素质-扫描系统采集\传感器A1-B4 苗\A2-10-土-0417\0515\100014.tif,..秧苗素质-扫描系统采集\传感器A1-B4 苗\A2-10-土-0417\0515\100014.tif,scanner_directory::..秧苗素质-扫描系统采集\传感器a1-b4 苗\a2-10-土-0417\0515,0515,传感器a1-b4 苗,850,1386,5100,8315,10,1,0
src_0423,D:\kp\数据集图片\..秧苗素质-扫描系统采集\传感器A1-B4 苗\A2-10-土-0417\0515\100015.tif,..秧苗素质-扫描系统采集\传感器A1-B4 苗\A2-10-土-0417\0515\100015.tif,scanner_directory::..秧苗素质-扫描系统采集\传感器a1-b4 苗\a2-10-土-0417\0515,0515,传感器a1-b4 苗,850,1386,5100,8315,11,1,0
src_0424,D:\kp\数据集图片\..秧苗素质-扫描系统采集\传感器A1-B4 苗\A2-10-土-0417\0515\100016.tif,..秧苗素质-扫描系统采集\传感器A1-B4 苗\A2-10-土-0417\0515\100016.tif,scanner_directory::..秧苗素质-扫描系统采集\传感器a1-b4 苗\a2-10-土-0417\0515,0515,传感器a1-b4 苗,850,1386,5100,8315,12,1,0
src_0425,D:\kp\数据集图片\..秧苗素质-扫描系统采集\传感器A1-B4 苗\A2-10-土-0417\0515\100017.tif,..秧苗素质-扫描系统采集\传感器A1-B4 苗\A2-10-土-0417\0515\100017.tif,scanner_directory::..秧苗素质-扫描系统采集\传感器a1-b4 苗\a2-10-土-0417\0515,0515,传感器a1-b4 苗,850,1386,5100,8315,12,1,0
src_0426,D:\kp\数据集图片\..秧苗素质-扫描系统采集\传感器A1-B4 苗\A2-10-土-0417\0516\100051.tif,..秧苗素质-扫描系统采集\传感器A1-B4 苗\A2-10-土-0417\0516\100051.tif,scanner_directory::..秧苗素质-扫描系统采集\传感器a1-b4 苗\a2-10-土-0417\0516,0516,传感器a1-b4 苗,850,1386,5100,8315,10,1,0
src_0427,D:\kp\数据集图片\..秧苗素质-扫描系统采集\传感器A1-B4 苗\A2-10-土-0417\0516\100052.tif,..秧苗素质-扫描系统采集\传感器A1-B4 苗\A2-10-土-0417\0516\100052.tif,scanner_directory::..秧苗素质-扫描系统采集\传感器a1-b4 苗\a2-10-土-0417\0516,0516,传感器a1-b4 苗,850,1386,5100,8315,11,1,0
src_0428,D:\kp\数据集图片\..秧苗素质-扫描系统采集\传感器A1-B4 苗\A2-10-土-0417\0516\100053.tif,..秧苗素质-扫描系统采集\传感器A1-B4 苗\A2-10-土-0417\0516\100053.tif,scanner_directory::..秧苗素质-扫描系统采集\传感器a1-b4 苗\a2-10-土-0417\0516,0516,传感器a1-b4 苗,850,1386,5100,8315,11,1,0
src_0429,D:\kp\数据集图片\..秧苗素质-扫描系统采集\传感器A1-B4 苗\A2-10-土-0417\0517\100072.tif,..秧苗素质-扫描系统采集\传感器A1-B4 苗\A2-10-土-0417\0517\100072.tif,scanner_directory::..秧苗素质-扫描系统采集\传感器a1-b4 苗\a2-10-土-0417\0517,0517,传感器a1-b4 苗,850,1386,5100,8315,8,1,0
src_0430,D:\kp\数据集图片\..秧苗素质-扫描系统采集\传感器A1-B4 苗\A2-10-土-0417\0517\100073.tif,..秧苗素质-扫描系统采集\传感器A1-B4 苗\A2-10-土-0417\0517\100073.tif,scanner_directory::..秧苗素质-扫描系统采集\传感器a1-b4 苗\a2-10-土-0417\0517,0517,传感器a1-b4 苗,850,1386,5100,8315,9,1,0
src_0431,D:\kp\数据集图片\..秧苗素质-扫描系统采集\传感器A1-B4 苗\A2-10-土-0417\0517\100074.tif,..秧苗素质-扫描系统采集\传感器A1-B4 苗\A2-10-土-0417\0517\100074.tif,scanner_directory::..秧苗素质-扫描系统采集\传感器a1-b4 苗\a2-10-土-0417\0517,0517,传感器a1-b4 苗,850,1386,5100,8315,11,1,0
src_0432,D:\kp\数据集图片\..秧苗素质-扫描系统采集\传感器A1-B4 苗\A2-10-土-0417\0518\100091.tif,..秧苗素质-扫描系统采集\传感器A1-B4 苗\A2-10-土-0417\0518\100091.tif,scanner_directory::..秧苗素质-扫描系统采集\传感器a1-b4 苗\a2-10-土-0417\0518,0518,传感器a1-b4 苗,850,1386,5100,8315,9,1,0
src_0433,D:\kp\数据集图片\..秧苗素质-扫描系统采集\传感器A1-B4 苗\A2-10-土-0417\0518\100092.tif,..秧苗素质-扫描系统采集\传感器A1-B4 苗\A2-10-土-0417\0518\100092.tif,scanner_directory::..秧苗素质-扫描系统采集\传感器a1-b4 苗\a2-10-土-0417\0518,0518,传感器a1-b4 苗,850,1386,5100,8315,10,1,0
src_0434,D:\kp\数据集图片\..秧苗素质-扫描系统采集\传感器A1-B4 苗\A2-10-土-0417\0518\100093.tif,..秧苗素质-扫描系统采集\传感器A1-B4 苗\A2-10-土-0417\0518\100093.tif,scanner_directory::..秧苗素质-扫描系统采集\传感器a1-b4 苗\a2-10-土-0417\0518,0518,传感器a1-b4 苗,850,1386,5100,8315,10,1,0
src_0435,D:\kp\数据集图片\..秧苗素质-扫描系统采集\传感器A1-B4 苗\A3-13-土-0417\0509\100026.tif,..秧苗素质-扫描系统采集\传感器A1-B4 苗\A3-13-土-0417\0509\100026.tif,scanner_directory::..秧苗素质-扫描系统采集\传感器a1-b4 苗\a3-13-土-0417\0509,0509,传感器a1-b4 苗,850,1386,5100,8315,15,1,0
src_0436,D:\kp\数据集图片\..秧苗素质-扫描系统采集\传感器A1-B4 苗\A3-13-土-0417\0509\100027.tif,..秧苗素质-扫描系统采集\传感器A1-B4 苗\A3-13-土-0417\0509\100027.tif,scanner_directory::..秧苗素质-扫描系统采集\传感器a1-b4 苗\a3-13-土-0417\0509,0509,传感器a1-b4 苗,850,1386,5100,8315,14,1,0
src_0437,D:\kp\数据集图片\..秧苗素质-扫描系统采集\传感器A1-B4 苗\A3-13-土-0417\0509\100028.tif,..秧苗素质-扫描系统采集\传感器A1-B4 苗\A3-13-土-0417\0509\100028.tif,scanner_directory::..秧苗素质-扫描系统采集\传感器a1-b4 苗\a3-13-土-0417\0509,0509,传感器a1-b4 苗,850,1386,5100,8315,13,1,0
src_0438,D:\kp\数据集图片\..秧苗素质-扫描系统采集\传感器A1-B4 苗\A3-13-土-0417\0509\100029.tif,..秧苗素质-扫描系统采集\传感器A1-B4 苗\A3-13-土-0417\0509\100029.tif,scanner_directory::..秧苗素质-扫描系统采集\传感器a1-b4 苗\a3-13-土-0417\0509,0509,传感器a1-b4 苗,850,1386,5100,8315,19,1,0
src_0439,D:\kp\数据集图片\..秧苗素质-扫描系统采集\传感器A1-B4 苗\A3-13-土-0417\0509\100030.tif,..秧苗素质-扫描系统采集\传感器A1-B4 苗\A3-13-土-0417\0509\100030.tif,scanner_directory::..秧苗素质-扫描系统采集\传感器a1-b4 苗\a3-13-土-0417\0509,0509,传感器a1-b4 苗,850,1386,5100,8315,13,1,0
src_0440,D:\kp\数据集图片\..秧苗素质-扫描系统采集\传感器A1-B4 苗\A3-13-土-0417\0509\100031.tif,..秧苗素质-扫描系统采集\传感器A1-B4 苗\A3-13-土-0417\0509\100031.tif,scanner_directory::..秧苗素质-扫描系统采集\传感器a1-b4 苗\a3-13-土-0417\0509,0509,传感器a1-b4 苗,850,1386,5100,8315,14,1,0
src_0441,D:\kp\数据集图片\..秧苗素质-扫描系统采集\传感器A1-B4 苗\A3-13-土-0417\0510\100061.tif,..秧苗素质-扫描系统采集\传感器A1-B4 苗\A3-13-土-0417\0510\100061.tif,scanner_directory::..秧苗素质-扫描系统采集\传感器a1-b4 苗\a3-13-土-0417\0510,0510,传感器a1-b4 苗,850,1386,5100,8315,13,1,0
src_0442,D:\kp\数据集图片\..秧苗素质-扫描系统采集\传感器A1-B4 苗\A3-13-土-0417\0510\100062.tif,..秧苗素质-扫描系统采集\传感器A1-B4 苗\A3-13-土-0417\0510\100062.tif,scanner_directory::..秧苗素质-扫描系统采集\传感器a1-b4 苗\a3-13-土-0417\0510,0510,传感器a1-b4 苗,850,1386,5100,8315,16,1,0
src_0443,D:\kp\数据集图片\..秧苗素质-扫描系统采集\传感器A1-B4 苗\A3-13-土-0417\0510\100063.tif,..秧苗素质-扫描系统采集\传感器A1-B4 苗\A3-13-土-0417\0510\100063.tif,scanner_directory::..秧苗素质-扫描系统采集\传感器a1-b4 苗\a3-13-土-0417\0510,0510,传感器a1-b4 苗,850,1386,5100,8315,18,1,0
src_0444,D:\kp\数据集图片\..秧苗素质-扫描系统采集\传感器A1-B4 苗\A3-13-土-0417\0510\100064.tif,..秧苗素质-扫描系统采集\传感器A1-B4 苗\A3-13-土-0417\0510\100064.tif,scanner_directory::..秧苗素质-扫描系统采集\传感器a1-b4 苗\a3-13-土-0417\0510,0510,传感器a1-b4 苗,850,1386,5100,8315,11,1,0
src_0445,D:\kp\数据集图片\..秧苗素质-扫描系统采集\传感器A1-B4 苗\A3-13-土-0417\0511\100086.tif,..秧苗素质-扫描系统采集\传感器A1-B4 苗\A3-13-土-0417\0511\100086.tif,scanner_directory::..秧苗素质-扫描系统采集\传感器a1-b4 苗\a3-13-土-0417\0511,0511,传感器a1-b4 苗,850,1386,5100,8315,16,1,0
src_0446,D:\kp\数据集图片\..秧苗素质-扫描系统采集\传感器A1-B4 苗\A3-13-土-0417\0511\100087.tif,..秧苗素质-扫描系统采集\传感器A1-B4 苗\A3-13-土-0417\0511\100087.tif,scanner_directory::..秧苗素质-扫描系统采集\传感器a1-b4 苗\a3-13-土-0417\0511,0511,传感器a1-b4 苗,850,1386,5100,8315,14,1,0
src_0447,D:\kp\数据集图片\..秧苗素质-扫描系统采集\传感器A1-B4 苗\A3-13-土-0417\0511\100088.tif,..秧苗素质-扫描系统采集\传感器A1-B4 苗\A3-13-土-0417\0511\100088.tif,scanner_directory::..秧苗素质-扫描系统采集\传感器a1-b4 苗\a3-13-土-0417\0511,0511,传感器a1-b4 苗,850,1386,5100,8315,14,1,0
src_0448,D:\kp\数据集图片\..秧苗素质-扫描系统采集\传感器A1-B4 苗\A3-13-土-0417\0511\100089.tif,..秧苗素质-扫描系统采集\传感器A1-B4 苗\A3-13-土-0417\0511\100089.tif,scanner_directory::..秧苗素质-扫描系统采集\传感器a1-b4 苗\a3-13-土-0417\0511,0511,传感器a1-b4 苗,850,1386,5100,8315,12,1,0
src_0449,D:\kp\数据集图片\..秧苗素质-扫描系统采集\传感器A1-B4 苗\A3-13-土-0417\0511\100090.tif,..秧苗素质-扫描系统采集\传感器A1-B4 苗\A3-13-土-0417\0511\100090.tif,scanner_directory::..秧苗素质-扫描系统采集\传感器a1-b4 苗\a3-13-土-0417\0511,0511,传感器a1-b4 苗,850,1386,5100,8315,15,1,0
src_0450,D:\kp\数据集图片\..秧苗素质-扫描系统采集\传感器A1-B4 苗\A3-13-土-0417\0511\100091.tif,..秧苗素质-扫描系统采集\传感器A1-B4 苗\A3-13-土-0417\0511\100091.tif,scanner_directory::..秧苗素质-扫描系统采集\传感器a1-b4 苗\a3-13-土-0417\0511,0511,传感器a1-b4 苗,850,1386,5100,8315,15,1,0
src_0451,D:\kp\数据集图片\..秧苗素质-扫描系统采集\传感器A1-B4 苗\A3-13-土-0417\0511\100092.tif,..秧苗素质-扫描系统采集\传感器A1-B4 苗\A3-13-土-0417\0511\100092.tif,scanner_directory::..秧苗素质-扫描系统采集\传感器a1-b4 苗\a3-13-土-0417\0511,0511,传感器a1-b4 苗,850,1386,5100,8315,11,1,0
src_0453,D:\kp\数据集图片\..秧苗素质-扫描系统采集\传感器A1-B4 苗\A3-13-土-0417\0512\test00135.tif,..秧苗素质-扫描系统采集\传感器A1-B4 苗\A3-13-土-0417\0512\test00135.tif,scanner_directory::..秧苗素质-扫描系统采集\传感器a1-b4 苗\a3-13-土-0417\0512,0512,传感器a1-b4 苗,850,1386,5100,8315,10,1,0
src_0454,D:\kp\数据集图片\..秧苗素质-扫描系统采集\传感器A1-B4 苗\A3-13-土-0417\0512\test00136.tif,..秧苗素质-扫描系统采集\传感器A1-B4 苗\A3-13-土-0417\0512\test00136.tif,scanner_directory::..秧苗素质-扫描系统采集\传感器a1-b4 苗\a3-13-土-0417\0512,0512,传感器a1-b4 苗,850,1386,5100,8315,13,1,0
src_0455,D:\kp\数据集图片\..秧苗素质-扫描系统采集\传感器A1-B4 苗\A3-13-土-0417\0512\test00137.tif,..秧苗素质-扫描系统采集\传感器A1-B4 苗\A3-13-土-0417\0512\test00137.tif,scanner_directory::..秧苗素质-扫描系统采集\传感器a1-b4 苗\a3-13-土-0417\0512,0512,传感器a1-b4 苗,850,1386,5100,8315,12,1,0
src_0456,D:\kp\数据集图片\..秧苗素质-扫描系统采集\传感器A1-B4 苗\A3-13-土-0417\0512\test00138.tif,..秧苗素质-扫描系统采集\传感器A1-B4 苗\A3-13-土-0417\0512\test00138.tif,scanner_directory::..秧苗素质-扫描系统采集\传感器a1-b4 苗\a3-13-土-0417\0512,0512,传感器a1-b4 苗,850,1386,5100,8315,14,1,0
src_0457,D:\kp\数据集图片\..秧苗素质-扫描系统采集\传感器A1-B4 苗\A3-13-土-0417\0512\test00139.tif,..秧苗素质-扫描系统采集\传感器A1-B4 苗\A3-13-土-0417\0512\test00139.tif,scanner_directory::..秧苗素质-扫描系统采集\传感器a1-b4 苗\a3-13-土-0417\0512,0512,传感器a1-b4 苗,850,1386,5100,8315,12,1,0
src_0458,D:\kp\数据集图片\..秧苗素质-扫描系统采集\传感器A1-B4 苗\A3-13-土-0417\0513\0513A300001.tif,..秧苗素质-扫描系统采集\传感器A1-B4 苗\A3-13-土-0417\0513\0513A300001.tif,scanner_directory::..秧苗素质-扫描系统采集\传感器a1-b4 苗\a3-13-土-0417\0513,0513,传感器a1-b4 苗,850,1386,5100,8315,16,1,0
src_0459,D:\kp\数据集图片\..秧苗素质-扫描系统采集\传感器A1-B4 苗\A3-13-土-0417\0513\0513A300002.tif,..秧苗素质-扫描系统采集\传感器A1-B4 苗\A3-13-土-0417\0513\0513A300002.tif,scanner_directory::..秧苗素质-扫描系统采集\传感器a1-b4 苗\a3-13-土-0417\0513,0513,传感器a1-b4 苗,850,1386,5100,8315,16,1,0
src_0460,D:\kp\数据集图片\..秧苗素质-扫描系统采集\传感器A1-B4 苗\A3-13-土-0417\0513\0513A300003.tif,..秧苗素质-扫描系统采集\传感器A1-B4 苗\A3-13-土-0417\0513\0513A300003.tif,scanner_directory::..秧苗素质-扫描系统采集\传感器a1-b4 苗\a3-13-土-0417\0513,0513,传感器a1-b4 苗,850,1386,5100,8315,14,1,0
src_0461,D:\kp\数据集图片\..秧苗素质-扫描系统采集\传感器A1-B4 苗\A3-13-土-0417\0513\0513A300004.tif,..秧苗素质-扫描系统采集\传感器A1-B4 苗\A3-13-土-0417\0513\0513A300004.tif,scanner_directory::..秧苗素质-扫描系统采集\传感器a1-b4 苗\a3-13-土-0417\0513,0513,传感器a1-b4 苗,850,1386,5100,8315,14,1,0
src_0462,D:\kp\数据集图片\..秧苗素质-扫描系统采集\传感器A1-B4 苗\A3-13-土-0417\0514\0514A300001.tif,..秧苗素质-扫描系统采集\传感器A1-B4 苗\A3-13-土-0417\0514\0514A300001.tif,scanner_directory::..秧苗素质-扫描系统采集\传感器a1-b4 苗\a3-13-土-0417\0514,0514,传感器a1-b4 苗,850,1386,5100,8315,12,1,0
src_0463,D:\kp\数据集图片\..秧苗素质-扫描系统采集\传感器A1-B4 苗\A3-13-土-0417\0514\0514A300002.tif,..秧苗素质-扫描系统采集\传感器A1-B4 苗\A3-13-土-0417\0514\0514A300002.tif,scanner_directory::..秧苗素质-扫描系统采集\传感器a1-b4 苗\a3-13-土-0417\0514,0514,传感器a1-b4 苗,850,1386,5100,8315,14,1,0
src_0464,D:\kp\数据集图片\..秧苗素质-扫描系统采集\传感器A1-B4 苗\A3-13-土-0417\0514\0514A300003.tif,..秧苗素质-扫描系统采集\传感器A1-B4 苗\A3-13-土-0417\0514\0514A300003.tif,scanner_directory::..秧苗素质-扫描系统采集\传感器a1-b4 苗\a3-13-土-0417\0514,0514,传感器a1-b4 苗,850,1386,5100,8315,14,1,0
src_0465,D:\kp\数据集图片\..秧苗素质-扫描系统采集\传感器A1-B4 苗\A3-13-土-0417\0514\0514A300004.tif,..秧苗素质-扫描系统采集\传感器A1-B4 苗\A3-13-土-0417\0514\0514A300004.tif,scanner_directory::..秧苗素质-扫描系统采集\传感器a1-b4 苗\a3-13-土-0417\0514,0514,传感器a1-b4 苗,850,1386,5100,8315,11,1,0
src_0466,D:\kp\数据集图片\..秧苗素质-扫描系统采集\传感器A1-B4 苗\A3-13-土-0417\0514\0514A300005.tif,..秧苗素质-扫描系统采集\传感器A1-B4 苗\A3-13-土-0417\0514\0514A300005.tif,scanner_directory::..秧苗素质-扫描系统采集\传感器a1-b4 苗\a3-13-土-0417\0514,0514,传感器a1-b4 苗,850,1386,5100,8315,14,1,0
src_0467,D:\kp\数据集图片\..秧苗素质-扫描系统采集\传感器A1-B4 苗\A3-13-土-0417\0515\100018.tif,..秧苗素质-扫描系统采集\传感器A1-B4 苗\A3-13-土-0417\0515\100018.tif,scanner_directory::..秧苗素质-扫描系统采集\传感器a1-b4 苗\a3-13-土-0417\0515,0515,传感器a1-b4 苗,850,1386,5100,8315,10,1,0
src_0468,D:\kp\数据集图片\..秧苗素质-扫描系统采集\传感器A1-B4 苗\A3-13-土-0417\0515\100019.tif,..秧苗素质-扫描系统采集\传感器A1-B4 苗\A3-13-土-0417\0515\100019.tif,scanner_directory::..秧苗素质-扫描系统采集\传感器a1-b4 苗\a3-13-土-0417\0515,0515,传感器a1-b4 苗,850,1386,5100,8315,9,1,0
src_0469,D:\kp\数据集图片\..秧苗素质-扫描系统采集\传感器A1-B4 苗\A3-13-土-0417\0515\100020.tif,..秧苗素质-扫描系统采集\传感器A1-B4 苗\A3-13-土-0417\0515\100020.tif,scanner_directory::..秧苗素质-扫描系统采集\传感器a1-b4 苗\a3-13-土-0417\0515,0515,传感器a1-b4 苗,850,1386,5100,8315,10,1,0
src_0470,D:\kp\数据集图片\..秧苗素质-扫描系统采集\传感器A1-B4 苗\A3-13-土-0417\0515\100021.tif,..秧苗素质-扫描系统采集\传感器A1-B4 苗\A3-13-土-0417\0515\100021.tif,scanner_directory::..秧苗素质-扫描系统采集\传感器a1-b4 苗\a3-13-土-0417\0515,0515,传感器a1-b4 苗,850,1386,5100,8315,9,1,0
src_0471,D:\kp\数据集图片\..秧苗素质-扫描系统采集\传感器A1-B4 苗\A3-13-土-0417\0516\100047.tif,..秧苗素质-扫描系统采集\传感器A1-B4 苗\A3-13-土-0417\0516\100047.tif,scanner_directory::..秧苗素质-扫描系统采集\传感器a1-b4 苗\a3-13-土-0417\0516,0516,传感器a1-b4 苗,850,1386,5100,8315,9,1,0
src_0472,D:\kp\数据集图片\..秧苗素质-扫描系统采集\传感器A1-B4 苗\A3-13-土-0417\0516\100048.tif,..秧苗素质-扫描系统采集\传感器A1-B4 苗\A3-13-土-0417\0516\100048.tif,scanner_directory::..秧苗素质-扫描系统采集\传感器a1-b4 苗\a3-13-土-0417\0516,0516,传感器a1-b4 苗,850,1386,5100,8315,8,1,0
src_0473,D:\kp\数据集图片\..秧苗素质-扫描系统采集\传感器A1-B4 苗\A3-13-土-0417\0516\100049.tif,..秧苗素质-扫描系统采集\传感器A1-B4 苗\A3-13-土-0417\0516\100049.tif,scanner_directory::..秧苗素质-扫描系统采集\传感器a1-b4 苗\a3-13-土-0417\0516,0516,传感器a1-b4 苗,850,1386,5100,8315,9,1,0
src_0474,D:\kp\数据集图片\..秧苗素质-扫描系统采集\传感器A1-B4 苗\A3-13-土-0417\0516\100050.tif,..秧苗素质-扫描系统采集\传感器A1-B4 苗\A3-13-土-0417\0516\100050.tif,scanner_directory::..秧苗素质-扫描系统采集\传感器a1-b4 苗\a3-13-土-0417\0516,0516,传感器a1-b4 苗,850,1386,5100,8315,4,1,0
src_0475,D:\kp\数据集图片\..秧苗素质-扫描系统采集\传感器A1-B4 苗\A3-13-土-0417\0517\100066.tif,..秧苗素质-扫描系统采集\传感器A1-B4 苗\A3-13-土-0417\0517\100066.tif,scanner_directory::..秧苗素质-扫描系统采集\传感器a1-b4 苗\a3-13-土-0417\0517,0517,传感器a1-b4 苗,850,1386,5100,8315,10,1,0
src_0476,D:\kp\数据集图片\..秧苗素质-扫描系统采集\传感器A1-B4 苗\A3-13-土-0417\0517\100067.tif,..秧苗素质-扫描系统采集\传感器A1-B4 苗\A3-13-土-0417\0517\100067.tif,scanner_directory::..秧苗素质-扫描系统采集\传感器a1-b4 苗\a3-13-土-0417\0517,0517,传感器a1-b4 苗,850,1386,5100,8315,9,1,0
src_0477,D:\kp\数据集图片\..秧苗素质-扫描系统采集\传感器A1-B4 苗\A3-13-土-0417\0517\100068.tif,..秧苗素质-扫描系统采集\传感器A1-B4 苗\A3-13-土-0417\0517\100068.tif,scanner_directory::..秧苗素质-扫描系统采集\传感器a1-b4 苗\a3-13-土-0417\0517,0517,传感器a1-b4 苗,850,1386,5100,8315,8,1,0
src_0478,D:\kp\数据集图片\..秧苗素质-扫描系统采集\传感器A1-B4 苗\A3-13-土-0417\0518\100094.tif,..秧苗素质-扫描系统采集\传感器A1-B4 苗\A3-13-土-0417\0518\100094.tif,scanner_directory::..秧苗素质-扫描系统采集\传感器a1-b4 苗\a3-13-土-0417\0518,0518,传感器a1-b4 苗,850,1386,5100,8315,10,1,0
src_0479,D:\kp\数据集图片\..秧苗素质-扫描系统采集\传感器A1-B4 苗\A3-13-土-0417\0518\100095.tif,..秧苗素质-扫描系统采集\传感器A1-B4 苗\A3-13-土-0417\0518\100095.tif,scanner_directory::..秧苗素质-扫描系统采集\传感器a1-b4 苗\a3-13-土-0417\0518,0518,传感器a1-b4 苗,850,1386,5100,8315,10,1,0
src_0480,D:\kp\数据集图片\..秧苗素质-扫描系统采集\传感器A1-B4 苗\A3-13-土-0417\0518\100096.tif,..秧苗素质-扫描系统采集\传感器A1-B4 苗\A3-13-土-0417\0518\100096.tif,scanner_directory::..秧苗素质-扫描系统采集\传感器a1-b4 苗\a3-13-土-0417\0518,0518,传感器a1-b4 苗,850,1386,5100,8315,8,1,0
src_0481,D:\kp\数据集图片\..秧苗素质-扫描系统采集\传感器A1-B4 苗\B1-06-白基质-0502\0509\100022.tif,..秧苗素质-扫描系统采集\传感器A1-B4 苗\B1-06-白基质-0502\0509\100022.tif,scanner_directory::..秧苗素质-扫描系统采集\传感器a1-b4 苗\b1-06-白基质-0502\0509,0509,传感器a1-b4 苗,850,1386,5100,8315,20,1,0
src_0482,D:\kp\数据集图片\..秧苗素质-扫描系统采集\传感器A1-B4 苗\B1-06-白基质-0502\0509\100023.tif,..秧苗素质-扫描系统采集\传感器A1-B4 苗\B1-06-白基质-0502\0509\100023.tif,scanner_directory::..秧苗素质-扫描系统采集\传感器a1-b4 苗\b1-06-白基质-0502\0509,0509,传感器a1-b4 苗,850,1386,5100,8315,20,1,0
src_0483,D:\kp\数据集图片\..秧苗素质-扫描系统采集\传感器A1-B4 苗\B1-06-白基质-0502\0509\100024.tif,..秧苗素质-扫描系统采集\传感器A1-B4 苗\B1-06-白基质-0502\0509\100024.tif,scanner_directory::..秧苗素质-扫描系统采集\传感器a1-b4 苗\b1-06-白基质-0502\0509,0509,传感器a1-b4 苗,850,1386,5100,8315,12,1,0
src_0484,D:\kp\数据集图片\..秧苗素质-扫描系统采集\传感器A1-B4 苗\B1-06-白基质-0502\0510\100066.tif,..秧苗素质-扫描系统采集\传感器A1-B4 苗\B1-06-白基质-0502\0510\100066.tif,scanner_directory::..秧苗素质-扫描系统采集\传感器a1-b4 苗\b1-06-白基质-0502\0510,0510,传感器a1-b4 苗,850,1386,5100,8315,22,1,0
src_0485,D:\kp\数据集图片\..秧苗素质-扫描系统采集\传感器A1-B4 苗\B1-06-白基质-0502\0510\100067.tif,..秧苗素质-扫描系统采集\传感器A1-B4 苗\B1-06-白基质-0502\0510\100067.tif,scanner_directory::..秧苗素质-扫描系统采集\传感器a1-b4 苗\b1-06-白基质-0502\0510,0510,传感器a1-b4 苗,850,1386,5100,8315,23,1,0
src_0486,D:\kp\数据集图片\..秧苗素质-扫描系统采集\传感器A1-B4 苗\B1-06-白基质-0502\0510\100068.tif,..秧苗素质-扫描系统采集\传感器A1-B4 苗\B1-06-白基质-0502\0510\100068.tif,scanner_directory::..秧苗素质-扫描系统采集\传感器a1-b4 苗\b1-06-白基质-0502\0510,0510,传感器a1-b4 苗,850,1386,5100,8315,10,1,0
src_0487,D:\kp\数据集图片\..秧苗素质-扫描系统采集\传感器A1-B4 苗\B1-06-白基质-0502\0511\100073.tif,..秧苗素质-扫描系统采集\传感器A1-B4 苗\B1-06-白基质-0502\0511\100073.tif,scanner_directory::..秧苗素质-扫描系统采集\传感器a1-b4 苗\b1-06-白基质-0502\0511,0511,传感器a1-b4 苗,850,1386,5100,8315,19,1,0
src_0488,D:\kp\数据集图片\..秧苗素质-扫描系统采集\传感器A1-B4 苗\B1-06-白基质-0502\0511\100074.tif,..秧苗素质-扫描系统采集\传感器A1-B4 苗\B1-06-白基质-0502\0511\100074.tif,scanner_directory::..秧苗素质-扫描系统采集\传感器a1-b4 苗\b1-06-白基质-0502\0511,0511,传感器a1-b4 苗,850,1386,5100,8315,17,1,0
src_0489,D:\kp\数据集图片\..秧苗素质-扫描系统采集\传感器A1-B4 苗\B1-06-白基质-0502\0511\100075.tif,..秧苗素质-扫描系统采集\传感器A1-B4 苗\B1-06-白基质-0502\0511\100075.tif,scanner_directory::..秧苗素质-扫描系统采集\传感器a1-b4 苗\b1-06-白基质-0502\0511,0511,传感器a1-b4 苗,850,1386,5100,8315,13,1,0
src_0490,D:\kp\数据集图片\..秧苗素质-扫描系统采集\传感器A1-B4 苗\B1-06-白基质-0502\0511\100076.tif,..秧苗素质-扫描系统采集\传感器A1-B4 苗\B1-06-白基质-0502\0511\100076.tif,scanner_directory::..秧苗素质-扫描系统采集\传感器a1-b4 苗\b1-06-白基质-0502\0511,0511,传感器a1-b4 苗,850,1386,5100,8315,19,1,0
src_0491,D:\kp\数据集图片\..秧苗素质-扫描系统采集\传感器A1-B4 苗\B1-06-白基质-0502\0511\100077.tif,..秧苗素质-扫描系统采集\传感器A1-B4 苗\B1-06-白基质-0502\0511\100077.tif,scanner_directory::..秧苗素质-扫描系统采集\传感器a1-b4 苗\b1-06-白基质-0502\0511,0511,传感器a1-b4 苗,850,1386,5100,8315,13,1,0
src_0492,D:\kp\数据集图片\..秧苗素质-扫描系统采集\传感器A1-B4 苗\B1-06-白基质-0502\0512\test00118.tif,..秧苗素质-扫描系统采集\传感器A1-B4 苗\B1-06-白基质-0502\0512\test00118.tif,scanner_directory::..秧苗素质-扫描系统采集\传感器a1-b4 苗\b1-06-白基质-0502\0512,0512,传感器a1-b4 苗,850,1386,5100,8315,22,1,0
src_0493,D:\kp\数据集图片\..秧苗素质-扫描系统采集\传感器A1-B4 苗\B1-06-白基质-0502\0512\test00119.tif,..秧苗素质-扫描系统采集\传感器A1-B4 苗\B1-06-白基质-0502\0512\test00119.tif,scanner_directory::..秧苗素质-扫描系统采集\传感器a1-b4 苗\b1-06-白基质-0502\0512,0512,传感器a1-b4 苗,850,1386,5100,8315,25,1,0
src_0494,D:\kp\数据集图片\..秧苗素质-扫描系统采集\传感器A1-B4 苗\B1-06-白基质-0502\0512\test00120.tif,..秧苗素质-扫描系统采集\传感器A1-B4 苗\B1-06-白基质-0502\0512\test00120.tif,scanner_directory::..秧苗素质-扫描系统采集\传感器a1-b4 苗\b1-06-白基质-0502\0512,0512,传感器a1-b4 苗,850,1386,5100,8315,12,1,0
src_0495,D:\kp\数据集图片\..秧苗素质-扫描系统采集\传感器A1-B4 苗\B1-06-白基质-0502\0513\test00150.tif,..秧苗素质-扫描系统采集\传感器A1-B4 苗\B1-06-白基质-0502\0513\test00150.tif,scanner_directory::..秧苗素质-扫描系统采集\传感器a1-b4 苗\b1-06-白基质-0502\0513,0513,传感器a1-b4 苗,850,1386,5100,8315,20,1,0
src_0496,D:\kp\数据集图片\..秧苗素质-扫描系统采集\传感器A1-B4 苗\B1-06-白基质-0502\0513\test00151.tif,..秧苗素质-扫描系统采集\传感器A1-B4 苗\B1-06-白基质-0502\0513\test00151.tif,scanner_directory::..秧苗素质-扫描系统采集\传感器a1-b4 苗\b1-06-白基质-0502\0513,0513,传感器a1-b4 苗,850,1386,5100,8315,18,1,0
src_0497,D:\kp\数据集图片\..秧苗素质-扫描系统采集\传感器A1-B4 苗\B1-06-白基质-0502\0513\test00152.tif,..秧苗素质-扫描系统采集\传感器A1-B4 苗\B1-06-白基质-0502\0513\test00152.tif,scanner_directory::..秧苗素质-扫描系统采集\传感器a1-b4 苗\b1-06-白基质-0502\0513,0513,传感器a1-b4 苗,850,1386,5100,8315,19,1,0
src_0498,D:\kp\数据集图片\..秧苗素质-扫描系统采集\传感器A1-B4 苗\B1-06-白基质-0502\0513\test00153.tif,..秧苗素质-扫描系统采集\传感器A1-B4 苗\B1-06-白基质-0502\0513\test00153.tif,scanner_directory::..秧苗素质-扫描系统采集\传感器a1-b4 苗\b1-06-白基质-0502\0513,0513,传感器a1-b4 苗,850,1386,5100,8315,18,1,0
src_0499,D:\kp\数据集图片\..秧苗素质-扫描系统采集\传感器A1-B4 苗\B1-06-白基质-0502\0514\0514B100001.tif,..秧苗素质-扫描系统采集\传感器A1-B4 苗\B1-06-白基质-0502\0514\0514B100001.tif,scanner_directory::..秧苗素质-扫描系统采集\传感器a1-b4 苗\b1-06-白基质-0502\0514,0514,传感器a1-b4 苗,850,1386,5100,8315,32,1,0
src_0500,D:\kp\数据集图片\..秧苗素质-扫描系统采集\传感器A1-B4 苗\B1-06-白基质-0502\0514\0514B100002.tif,..秧苗素质-扫描系统采集\传感器A1-B4 苗\B1-06-白基质-0502\0514\0514B100002.tif,scanner_directory::..秧苗素质-扫描系统采集\传感器a1-b4 苗\b1-06-白基质-0502\0514,0514,传感器a1-b4 苗,850,1386,5100,8315,19,1,0
src_0501,D:\kp\数据集图片\..秧苗素质-扫描系统采集\传感器A1-B4 苗\B1-06-白基质-0502\0515\100022.tif,..秧苗素质-扫描系统采集\传感器A1-B4 苗\B1-06-白基质-0502\0515\100022.tif,scanner_directory::..秧苗素质-扫描系统采集\传感器a1-b4 苗\b1-06-白基质-0502\0515,0515,传感器a1-b4 苗,850,1386,5100,8315,15,1,0
src_0502,D:\kp\数据集图片\..秧苗素质-扫描系统采集\传感器A1-B4 苗\B1-06-白基质-0502\0515\100023.tif,..秧苗素质-扫描系统采集\传感器A1-B4 苗\B1-06-白基质-0502\0515\100023.tif,scanner_directory::..秧苗素质-扫描系统采集\传感器a1-b4 苗\b1-06-白基质-0502\0515,0515,传感器a1-b4 苗,850,1386,5100,8315,19,1,0
src_0503,D:\kp\数据集图片\..秧苗素质-扫描系统采集\传感器A1-B4 苗\B1-06-白基质-0502\0515\100024.tif,..秧苗素质-扫描系统采集\传感器A1-B4 苗\B1-06-白基质-0502\0515\100024.tif,scanner_directory::..秧苗素质-扫描系统采集\传感器a1-b4 苗\b1-06-白基质-0502\0515,0515,传感器a1-b4 苗,850,1386,5100,8315,15,1,0
src_0504,D:\kp\数据集图片\..秧苗素质-扫描系统采集\传感器A1-B4 苗\B1-06-白基质-0502\0516\100044.tif,..秧苗素质-扫描系统采集\传感器A1-B4 苗\B1-06-白基质-0502\0516\100044.tif,scanner_directory::..秧苗素质-扫描系统采集\传感器a1-b4 苗\b1-06-白基质-0502\0516,0516,传感器a1-b4 苗,850,1386,5100,8315,11,1,0
src_0505,D:\kp\数据集图片\..秧苗素质-扫描系统采集\传感器A1-B4 苗\B1-06-白基质-0502\0516\100045.tif,..秧苗素质-扫描系统采集\传感器A1-B4 苗\B1-06-白基质-0502\0516\100045.tif,scanner_directory::..秧苗素质-扫描系统采集\传感器a1-b4 苗\b1-06-白基质-0502\0516,0516,传感器a1-b4 苗,850,1386,5100,8315,11,1,0
src_0506,D:\kp\数据集图片\..秧苗素质-扫描系统采集\传感器A1-B4 苗\B1-06-白基质-0502\0516\100046.tif,..秧苗素质-扫描系统采集\传感器A1-B4 苗\B1-06-白基质-0502\0516\100046.tif,scanner_directory::..秧苗素质-扫描系统采集\传感器a1-b4 苗\b1-06-白基质-0502\0516,0516,传感器a1-b4 苗,850,1386,5100,8315,6,1,0
src_0507,D:\kp\数据集图片\..秧苗素质-扫描系统采集\传感器A1-B4 苗\B1-06-白基质-0502\0517\100080.tif,..秧苗素质-扫描系统采集\传感器A1-B4 苗\B1-06-白基质-0502\0517\100080.tif,scanner_directory::..秧苗素质-扫描系统采集\传感器a1-b4 苗\b1-06-白基质-0502\0517,0517,传感器a1-b4 苗,850,1386,5100,8315,11,1,0
src_0508,D:\kp\数据集图片\..秧苗素质-扫描系统采集\传感器A1-B4 苗\B1-06-白基质-0502\0517\100081.tif,..秧苗素质-扫描系统采集\传感器A1-B4 苗\B1-06-白基质-0502\0517\100081.tif,scanner_directory::..秧苗素质-扫描系统采集\传感器a1-b4 苗\b1-06-白基质-0502\0517,0517,传感器a1-b4 苗,850,1386,5100,8315,12,1,0
src_0509,D:\kp\数据集图片\..秧苗素质-扫描系统采集\传感器A1-B4 苗\B1-06-白基质-0502\0517\100082.tif,..秧苗素质-扫描系统采集\传感器A1-B4 苗\B1-06-白基质-0502\0517\100082.tif,scanner_directory::..秧苗素质-扫描系统采集\传感器a1-b4 苗\b1-06-白基质-0502\0517,0517,传感器a1-b4 苗,850,1386,5100,8315,6,1,0
src_0510,D:\kp\数据集图片\..秧苗素质-扫描系统采集\传感器A1-B4 苗\B1-06-白基质-0502\0518\100097.tif,..秧苗素质-扫描系统采集\传感器A1-B4 苗\B1-06-白基质-0502\0518\100097.tif,scanner_directory::..秧苗素质-扫描系统采集\传感器a1-b4 苗\b1-06-白基质-0502\0518,0518,传感器a1-b4 苗,850,1386,5100,8315,14,1,0
src_0511,D:\kp\数据集图片\..秧苗素质-扫描系统采集\传感器A1-B4 苗\B1-06-白基质-0502\0518\100098.tif,..秧苗素质-扫描系统采集\传感器A1-B4 苗\B1-06-白基质-0502\0518\100098.tif,scanner_directory::..秧苗素质-扫描系统采集\传感器a1-b4 苗\b1-06-白基质-0502\0518,0518,传感器a1-b4 苗,850,1386,5100,8315,13,1,0
src_0512,D:\kp\数据集图片\..秧苗素质-扫描系统采集\传感器A1-B4 苗\B2-16-土-0508\0509\100025.tif,..秧苗素质-扫描系统采集\传感器A1-B4 苗\B2-16-土-0508\0509\100025.tif,scanner_directory::..秧苗素质-扫描系统采集\传感器a1-b4 苗\b2-16-土-0508\0509,0509,传感器a1-b4 苗,850,1386,5100,8315,3,1,0
src_0513,D:\kp\数据集图片\..秧苗素质-扫描系统采集\传感器A1-B4 苗\B2-16-土-0508\0510\100054.tif,..秧苗素质-扫描系统采集\传感器A1-B4 苗\B2-16-土-0508\0510\100054.tif,scanner_directory::..秧苗素质-扫描系统采集\传感器a1-b4 苗\b2-16-土-0508\0510,0510,传感器a1-b4 苗,850,1386,5100,8315,2,1,0
src_0514,D:\kp\数据集图片\..秧苗素质-扫描系统采集\传感器A1-B4 苗\B2-16-土-0508\0511\100070.tif,..秧苗素质-扫描系统采集\传感器A1-B4 苗\B2-16-土-0508\0511\100070.tif,scanner_directory::..秧苗素质-扫描系统采集\传感器a1-b4 苗\b2-16-土-0508\0511,0511,传感器a1-b4 苗,850,1386,5100,8315,3,1,0
src_0515,D:\kp\数据集图片\..秧苗素质-扫描系统采集\传感器A1-B4 苗\B2-16-土-0508\0512\test00116.tif,..秧苗素质-扫描系统采集\传感器A1-B4 苗\B2-16-土-0508\0512\test00116.tif,scanner_directory::..秧苗素质-扫描系统采集\传感器a1-b4 苗\b2-16-土-0508\0512,0512,传感器a1-b4 苗,850,1386,5100,8315,18,1,0
src_0516,D:\kp\数据集图片\..秧苗素质-扫描系统采集\传感器A1-B4 苗\B2-16-土-0508\0512\test00117.tif,..秧苗素质-扫描系统采集\传感器A1-B4 苗\B2-16-土-0508\0512\test00117.tif,scanner_directory::..秧苗素质-扫描系统采集\传感器a1-b4 苗\b2-16-土-0508\0512,0512,传感器a1-b4 苗,850,1386,5100,8315,9,1,0
src_0517,D:\kp\数据集图片\..秧苗素质-扫描系统采集\传感器A1-B4 苗\B2-16-土-0508\0513\test00142.tif,..秧苗素质-扫描系统采集\传感器A1-B4 苗\B2-16-土-0508\0513\test00142.tif,scanner_directory::..秧苗素质-扫描系统采集\传感器a1-b4 苗\b2-16-土-0508\0513,0513,传感器a1-b4 苗,850,1386,5100,8315,24,1,0
src_0518,D:\kp\数据集图片\..秧苗素质-扫描系统采集\传感器A1-B4 苗\B2-16-土-0508\0513\test00143.tif,..秧苗素质-扫描系统采集\传感器A1-B4 苗\B2-16-土-0508\0513\test00143.tif,scanner_directory::..秧苗素质-扫描系统采集\传感器a1-b4 苗\b2-16-土-0508\0513,0513,传感器a1-b4 苗,850,1386,5100,8315,21,1,0
src_0519,D:\kp\数据集图片\..秧苗素质-扫描系统采集\传感器A1-B4 苗\B2-16-土-0508\0514\0514B200001.tif,..秧苗素质-扫描系统采集\传感器A1-B4 苗\B2-16-土-0508\0514\0514B200001.tif,scanner_directory::..秧苗素质-扫描系统采集\传感器a1-b4 苗\b2-16-土-0508\0514,0514,传感器a1-b4 苗,850,1386,5100,8315,18,1,0
src_0520,D:\kp\数据集图片\..秧苗素质-扫描系统采集\传感器A1-B4 苗\B2-16-土-0508\0514\0514B200002.tif,..秧苗素质-扫描系统采集\传感器A1-B4 苗\B2-16-土-0508\0514\0514B200002.tif,scanner_directory::..秧苗素质-扫描系统采集\传感器a1-b4 苗\b2-16-土-0508\0514,0514,传感器a1-b4 苗,850,1386,5100,8315,19,1,0
src_0521,D:\kp\数据集图片\..秧苗素质-扫描系统采集\传感器A1-B4 苗\B2-16-土-0508\0514\0514B200003.tif,..秧苗素质-扫描系统采集\传感器A1-B4 苗\B2-16-土-0508\0514\0514B200003.tif,scanner_directory::..秧苗素质-扫描系统采集\传感器a1-b4 苗\b2-16-土-0508\0514,0514,传感器a1-b4 苗,850,1386,5100,8315,18,1,0
src_0522,D:\kp\数据集图片\..秧苗素质-扫描系统采集\传感器A1-B4 苗\B2-16-土-0508\0514\0514B200004.tif,..秧苗素质-扫描系统采集\传感器A1-B4 苗\B2-16-土-0508\0514\0514B200004.tif,scanner_directory::..秧苗素质-扫描系统采集\传感器a1-b4 苗\b2-16-土-0508\0514,0514,传感器a1-b4 苗,850,1386,5100,8315,18,1,0
src_0523,D:\kp\数据集图片\..秧苗素质-扫描系统采集\传感器A1-B4 苗\B2-16-土-0508\0514\0514B200005.tif,..秧苗素质-扫描系统采集\传感器A1-B4 苗\B2-16-土-0508\0514\0514B200005.tif,scanner_directory::..秧苗素质-扫描系统采集\传感器a1-b4 苗\b2-16-土-0508\0514,0514,传感器a1-b4 苗,850,1386,5100,8315,15,1,0
src_0524,D:\kp\数据集图片\..秧苗素质-扫描系统采集\传感器A1-B4 苗\B2-16-土-0508\0515\100025.tif,..秧苗素质-扫描系统采集\传感器A1-B4 苗\B2-16-土-0508\0515\100025.tif,scanner_directory::..秧苗素质-扫描系统采集\传感器a1-b4 苗\b2-16-土-0508\0515,0515,传感器a1-b4 苗,850,1386,5100,8315,22,1,0
src_0525,D:\kp\数据集图片\..秧苗素质-扫描系统采集\传感器A1-B4 苗\B2-16-土-0508\0515\100027.tif,..秧苗素质-扫描系统采集\传感器A1-B4 苗\B2-16-土-0508\0515\100027.tif,scanner_directory::..秧苗素质-扫描系统采集\传感器a1-b4 苗\b2-16-土-0508\0515,0515,传感器a1-b4 苗,850,1386,5100,8315,19,1,0
src_0526,D:\kp\数据集图片\..秧苗素质-扫描系统采集\传感器A1-B4 苗\B2-16-土-0508\0516\100041.tif,..秧苗素质-扫描系统采集\传感器A1-B4 苗\B2-16-土-0508\0516\100041.tif,scanner_directory::..秧苗素质-扫描系统采集\传感器a1-b4 苗\b2-16-土-0508\0516,0516,传感器a1-b4 苗,850,1386,5100,8315,9,1,0
src_0527,D:\kp\数据集图片\..秧苗素质-扫描系统采集\传感器A1-B4 苗\B2-16-土-0508\0516\100042.tif,..秧苗素质-扫描系统采集\传感器A1-B4 苗\B2-16-土-0508\0516\100042.tif,scanner_directory::..秧苗素质-扫描系统采集\传感器a1-b4 苗\b2-16-土-0508\0516,0516,传感器a1-b4 苗,850,1386,5100,8315,11,1,0
src_0528,D:\kp\数据集图片\..秧苗素质-扫描系统采集\传感器A1-B4 苗\B2-16-土-0508\0516\100043.tif,..秧苗素质-扫描系统采集\传感器A1-B4 苗\B2-16-土-0508\0516\100043.tif,scanner_directory::..秧苗素质-扫描系统采集\传感器a1-b4 苗\b2-16-土-0508\0516,0516,传感器a1-b4 苗,850,1386,5100,8315,5,1,0
src_0529,D:\kp\数据集图片\..秧苗素质-扫描系统采集\传感器A1-B4 苗\B2-16-土-0508\0517\100083.tif,..秧苗素质-扫描系统采集\传感器A1-B4 苗\B2-16-土-0508\0517\100083.tif,scanner_directory::..秧苗素质-扫描系统采集\传感器a1-b4 苗\b2-16-土-0508\0517,0517,传感器a1-b4 苗,850,1386,5100,8315,14,1,0
src_0530,D:\kp\数据集图片\..秧苗素质-扫描系统采集\传感器A1-B4 苗\B2-16-土-0508\0517\100084.tif,..秧苗素质-扫描系统采集\传感器A1-B4 苗\B2-16-土-0508\0517\100084.tif,scanner_directory::..秧苗素质-扫描系统采集\传感器a1-b4 苗\b2-16-土-0508\0517,0517,传感器a1-b4 苗,850,1386,5100,8315,13,1,0
src_0531,D:\kp\数据集图片\..秧苗素质-扫描系统采集\传感器A1-B4 苗\B2-16-土-0508\0518\100102.tif,..秧苗素质-扫描系统采集\传感器A1-B4 苗\B2-16-土-0508\0518\100102.tif,scanner_directory::..秧苗素质-扫描系统采集\传感器a1-b4 苗\b2-16-土-0508\0518,0518,传感器a1-b4 苗,850,1386,5100,8315,11,1,0
src_0532,D:\kp\数据集图片\..秧苗素质-扫描系统采集\传感器A1-B4 苗\B2-16-土-0508\0518\100103.tif,..秧苗素质-扫描系统采集\传感器A1-B4 苗\B2-16-土-0508\0518\100103.tif,scanner_directory::..秧苗素质-扫描系统采集\传感器a1-b4 苗\b2-16-土-0508\0518,0518,传感器a1-b4 苗,850,1386,5100,8315,10,1,0
src_0533,D:\kp\数据集图片\..秧苗素质-扫描系统采集\传感器A1-B4 苗\B2-16-土-0508\0518\100104.tif,..秧苗素质-扫描系统采集\传感器A1-B4 苗\B2-16-土-0508\0518\100104.tif,scanner_directory::..秧苗素质-扫描系统采集\传感器a1-b4 苗\b2-16-土-0508\0518,0518,传感器a1-b4 苗,850,1386,5100,8315,8,1,0
src_0534,D:\kp\数据集图片\..秧苗素质-扫描系统采集\传感器A1-B4 苗\B3-01-土-0508\0509\100013.tif,..秧苗素质-扫描系统采集\传感器A1-B4 苗\B3-01-土-0508\0509\100013.tif,scanner_directory::..秧苗素质-扫描系统采集\传感器a1-b4 苗\b3-01-土-0508\0509,0509,传感器a1-b4 苗,850,1386,5100,8315,1,1,0
src_0535,D:\kp\数据集图片\..秧苗素质-扫描系统采集\传感器A1-B4 苗\B3-01-土-0508\0509\100014.tif,..秧苗素质-扫描系统采集\传感器A1-B4 苗\B3-01-土-0508\0509\100014.tif,scanner_directory::..秧苗素质-扫描系统采集\传感器a1-b4 苗\b3-01-土-0508\0509,0509,传感器a1-b4 苗,850,1386,5100,8315,2,1,0
src_0536,D:\kp\数据集图片\..秧苗素质-扫描系统采集\传感器A1-B4 苗\B3-01-土-0508\0510\100065.tif,..秧苗素质-扫描系统采集\传感器A1-B4 苗\B3-01-土-0508\0510\100065.tif,scanner_directory::..秧苗素质-扫描系统采集\传感器a1-b4 苗\b3-01-土-0508\0510,0510,传感器a1-b4 苗,850,1386,5100,8315,4,1,0
src_0537,D:\kp\数据集图片\..秧苗素质-扫描系统采集\传感器A1-B4 苗\B3-01-土-0508\0511\100071.tif,..秧苗素质-扫描系统采集\传感器A1-B4 苗\B3-01-土-0508\0511\100071.tif,scanner_directory::..秧苗素质-扫描系统采集\传感器a1-b4 苗\b3-01-土-0508\0511,0511,传感器a1-b4 苗,850,1386,5100,8315,3,1,0
src_0538,D:\kp\数据集图片\..秧苗素质-扫描系统采集\传感器A1-B4 苗\B3-01-土-0508\0511\100072.tif,..秧苗素质-扫描系统采集\传感器A1-B4 苗\B3-01-土-0508\0511\100072.tif,scanner_directory::..秧苗素质-扫描系统采集\传感器a1-b4 苗\b3-01-土-0508\0511,0511,传感器a1-b4 苗,850,1386,5100,8315,2,1,0
src_0539,D:\kp\数据集图片\..秧苗素质-扫描系统采集\传感器A1-B4 苗\B3-01-土-0508\0512\100108.tif,..秧苗素质-扫描系统采集\传感器A1-B4 苗\B3-01-土-0508\0512\100108.tif,scanner_directory::..秧苗素质-扫描系统采集\传感器a1-b4 苗\b3-01-土-0508\0512,0512,传感器a1-b4 苗,850,1386,5100,8315,6,1,0
src_0540,D:\kp\数据集图片\..秧苗素质-扫描系统采集\传感器A1-B4 苗\B3-01-土-0508\0513\test00140.tif,..秧苗素质-扫描系统采集\传感器A1-B4 苗\B3-01-土-0508\0513\test00140.tif,scanner_directory::..秧苗素质-扫描系统采集\传感器a1-b4 苗\b3-01-土-0508\0513,0513,传感器a1-b4 苗,850,1386,5100,8315,25,1,0
src_0541,D:\kp\数据集图片\..秧苗素质-扫描系统采集\传感器A1-B4 苗\B3-01-土-0508\0513\test00141.tif,..秧苗素质-扫描系统采集\传感器A1-B4 苗\B3-01-土-0508\0513\test00141.tif,scanner_directory::..秧苗素质-扫描系统采集\传感器a1-b4 苗\b3-01-土-0508\0513,0513,传感器a1-b4 苗,850,1386,5100,8315,21,1,0
src_0542,D:\kp\数据集图片\..秧苗素质-扫描系统采集\传感器A1-B4 苗\B3-01-土-0508\0514\0514B300001.tif,..秧苗素质-扫描系统采集\传感器A1-B4 苗\B3-01-土-0508\0514\0514B300001.tif,scanner_directory::..秧苗素质-扫描系统采集\传感器a1-b4 苗\b3-01-土-0508\0514,0514,传感器a1-b4 苗,850,1386,5100,8315,20,1,0
src_0543,D:\kp\数据集图片\..秧苗素质-扫描系统采集\传感器A1-B4 苗\B3-01-土-0508\0514\0514B300002.tif,..秧苗素质-扫描系统采集\传感器A1-B4 苗\B3-01-土-0508\0514\0514B300002.tif,scanner_directory::..秧苗素质-扫描系统采集\传感器a1-b4 苗\b3-01-土-0508\0514,0514,传感器a1-b4 苗,850,1386,5100,8315,27,1,0
src_0544,D:\kp\数据集图片\..秧苗素质-扫描系统采集\传感器A1-B4 苗\B3-01-土-0508\0515\100028.tif,..秧苗素质-扫描系统采集\传感器A1-B4 苗\B3-01-土-0508\0515\100028.tif,scanner_directory::..秧苗素质-扫描系统采集\传感器a1-b4 苗\b3-01-土-0508\0515,0515,传感器a1-b4 苗,850,1386,5100,8315,19,1,0
src_0545,D:\kp\数据集图片\..秧苗素质-扫描系统采集\传感器A1-B4 苗\B3-01-土-0508\0515\100029.tif,..秧苗素质-扫描系统采集\传感器A1-B4 苗\B3-01-土-0508\0515\100029.tif,scanner_directory::..秧苗素质-扫描系统采集\传感器a1-b4 苗\b3-01-土-0508\0515,0515,传感器a1-b4 苗,850,1386,5100,8315,21,1,0
src_0546,D:\kp\数据集图片\..秧苗素质-扫描系统采集\传感器A1-B4 苗\B3-01-土-0508\0516\100038.tif,..秧苗素质-扫描系统采集\传感器A1-B4 苗\B3-01-土-0508\0516\100038.tif,scanner_directory::..秧苗素质-扫描系统采集\传感器a1-b4 苗\b3-01-土-0508\0516,0516,传感器a1-b4 苗,850,1386,5100,8315,12,1,0
src_0547,D:\kp\数据集图片\..秧苗素质-扫描系统采集\传感器A1-B4 苗\B3-01-土-0508\0516\100039.tif,..秧苗素质-扫描系统采集\传感器A1-B4 苗\B3-01-土-0508\0516\100039.tif,scanner_directory::..秧苗素质-扫描系统采集\传感器a1-b4 苗\b3-01-土-0508\0516,0516,传感器a1-b4 苗,850,1386,5100,8315,10,1,0
src_0548,D:\kp\数据集图片\..秧苗素质-扫描系统采集\传感器A1-B4 苗\B3-01-土-0508\0516\100040.tif,..秧苗素质-扫描系统采集\传感器A1-B4 苗\B3-01-土-0508\0516\100040.tif,scanner_directory::..秧苗素质-扫描系统采集\传感器a1-b4 苗\b3-01-土-0508\0516,0516,传感器a1-b4 苗,850,1386,5100,8315,7,1,0
src_0549,D:\kp\数据集图片\..秧苗素质-扫描系统采集\传感器A1-B4 苗\B3-01-土-0508\0517\100075.tif,..秧苗素质-扫描系统采集\传感器A1-B4 苗\B3-01-土-0508\0517\100075.tif,scanner_directory::..秧苗素质-扫描系统采集\传感器a1-b4 苗\b3-01-土-0508\0517,0517,传感器a1-b4 苗,850,1386,5100,8315,12,1,0
src_0550,D:\kp\数据集图片\..秧苗素质-扫描系统采集\传感器A1-B4 苗\B3-01-土-0508\0517\100076.tif,..秧苗素质-扫描系统采集\传感器A1-B4 苗\B3-01-土-0508\0517\100076.tif,scanner_directory::..秧苗素质-扫描系统采集\传感器a1-b4 苗\b3-01-土-0508\0517,0517,传感器a1-b4 苗,850,1386,5100,8315,12,1,0
src_0551,D:\kp\数据集图片\..秧苗素质-扫描系统采集\传感器A1-B4 苗\B3-01-土-0508\0518\100105.tif,..秧苗素质-扫描系统采集\传感器A1-B4 苗\B3-01-土-0508\0518\100105.tif,scanner_directory::..秧苗素质-扫描系统采集\传感器a1-b4 苗\b3-01-土-0508\0518,0518,传感器a1-b4 苗,850,1386,5100,8315,12,1,0
src_0552,D:\kp\数据集图片\..秧苗素质-扫描系统采集\传感器A1-B4 苗\B3-01-土-0508\0518\100106.tif,..秧苗素质-扫描系统采集\传感器A1-B4 苗\B3-01-土-0508\0518\100106.tif,scanner_directory::..秧苗素质-扫描系统采集\传感器a1-b4 苗\b3-01-土-0508\0518,0518,传感器a1-b4 苗,850,1386,5100,8315,13,1,0
src_0553,D:\kp\数据集图片\..秧苗素质-扫描系统采集\传感器A1-B4 苗\B4-01-土-0424\0509\100015.tif,..秧苗素质-扫描系统采集\传感器A1-B4 苗\B4-01-土-0424\0509\100015.tif,scanner_directory::..秧苗素质-扫描系统采集\传感器a1-b4 苗\b4-01-土-0424\0509,0509,传感器a1-b4 苗,850,1386,5100,8315,9,1,0
src_0554,D:\kp\数据集图片\..秧苗素质-扫描系统采集\传感器A1-B4 苗\B4-01-土-0424\0509\100016.tif,..秧苗素质-扫描系统采集\传感器A1-B4 苗\B4-01-土-0424\0509\100016.tif,scanner_directory::..秧苗素质-扫描系统采集\传感器a1-b4 苗\b4-01-土-0424\0509,0509,传感器a1-b4 苗,850,1386,5100,8315,12,1,0
src_0555,D:\kp\数据集图片\..秧苗素质-扫描系统采集\传感器A1-B4 苗\B4-01-土-0424\0509\100017.tif,..秧苗素质-扫描系统采集\传感器A1-B4 苗\B4-01-土-0424\0509\100017.tif,scanner_directory::..秧苗素质-扫描系统采集\传感器a1-b4 苗\b4-01-土-0424\0509,0509,传感器a1-b4 苗,850,1386,5100,8315,14,1,0
src_0556,D:\kp\数据集图片\..秧苗素质-扫描系统采集\传感器A1-B4 苗\B4-01-土-0424\0509\100018.tif,..秧苗素质-扫描系统采集\传感器A1-B4 苗\B4-01-土-0424\0509\100018.tif,scanner_directory::..秧苗素质-扫描系统采集\传感器a1-b4 苗\b4-01-土-0424\0509,0509,传感器a1-b4 苗,850,1386,5100,8315,14,1,0
src_0557,D:\kp\数据集图片\..秧苗素质-扫描系统采集\传感器A1-B4 苗\B4-01-土-0424\0509\100019.tif,..秧苗素质-扫描系统采集\传感器A1-B4 苗\B4-01-土-0424\0509\100019.tif,scanner_directory::..秧苗素质-扫描系统采集\传感器a1-b4 苗\b4-01-土-0424\0509,0509,传感器a1-b4 苗,850,1386,5100,8315,14,1,0
src_0558,D:\kp\数据集图片\..秧苗素质-扫描系统采集\传感器A1-B4 苗\B4-01-土-0424\0509\100020.tif,..秧苗素质-扫描系统采集\传感器A1-B4 苗\B4-01-土-0424\0509\100020.tif,scanner_directory::..秧苗素质-扫描系统采集\传感器a1-b4 苗\b4-01-土-0424\0509,0509,传感器a1-b4 苗,850,1386,5100,8315,13,1,0
src_0559,D:\kp\数据集图片\..秧苗素质-扫描系统采集\传感器A1-B4 苗\B4-01-土-0424\0509\100021.tif,..秧苗素质-扫描系统采集\传感器A1-B4 苗\B4-01-土-0424\0509\100021.tif,scanner_directory::..秧苗素质-扫描系统采集\传感器a1-b4 苗\b4-01-土-0424\0509,0509,传感器a1-b4 苗,850,1386,5100,8315,14,1,0
src_0560,D:\kp\数据集图片\..秧苗素质-扫描系统采集\传感器A1-B4 苗\B4-01-土-0424\0510\100055.tif,..秧苗素质-扫描系统采集\传感器A1-B4 苗\B4-01-土-0424\0510\100055.tif,scanner_directory::..秧苗素质-扫描系统采集\传感器a1-b4 苗\b4-01-土-0424\0510,0510,传感器a1-b4 苗,850,1386,5100,8315,12,1,0
src_0561,D:\kp\数据集图片\..秧苗素质-扫描系统采集\传感器A1-B4 苗\B4-01-土-0424\0510\100056.tif,..秧苗素质-扫描系统采集\传感器A1-B4 苗\B4-01-土-0424\0510\100056.tif,scanner_directory::..秧苗素质-扫描系统采集\传感器a1-b4 苗\b4-01-土-0424\0510,0510,传感器a1-b4 苗,850,1386,5100,8315,13,1,0
src_0562,D:\kp\数据集图片\..秧苗素质-扫描系统采集\传感器A1-B4 苗\B4-01-土-0424\0510\100057.tif,..秧苗素质-扫描系统采集\传感器A1-B4 苗\B4-01-土-0424\0510\100057.tif,scanner_directory::..秧苗素质-扫描系统采集\传感器a1-b4 苗\b4-01-土-0424\0510,0510,传感器a1-b4 苗,850,1386,5100,8315,16,1,0
src_0563,D:\kp\数据集图片\..秧苗素质-扫描系统采集\传感器A1-B4 苗\B4-01-土-0424\0510\100058.tif,..秧苗素质-扫描系统采集\传感器A1-B4 苗\B4-01-土-0424\0510\100058.tif,scanner_directory::..秧苗素质-扫描系统采集\传感器a1-b4 苗\b4-01-土-0424\0510,0510,传感器a1-b4 苗,850,1386,5100,8315,12,1,0
src_0564,D:\kp\数据集图片\..秧苗素质-扫描系统采集\传感器A1-B4 苗\B4-01-土-0424\0510\100059.tif,..秧苗素质-扫描系统采集\传感器A1-B4 苗\B4-01-土-0424\0510\100059.tif,scanner_directory::..秧苗素质-扫描系统采集\传感器a1-b4 苗\b4-01-土-0424\0510,0510,传感器a1-b4 苗,850,1386,5100,8315,12,1,0
src_0565,D:\kp\数据集图片\..秧苗素质-扫描系统采集\传感器A1-B4 苗\B4-01-土-0424\0510\100060.tif,..秧苗素质-扫描系统采集\传感器A1-B4 苗\B4-01-土-0424\0510\100060.tif,scanner_directory::..秧苗素质-扫描系统采集\传感器a1-b4 苗\b4-01-土-0424\0510,0510,传感器a1-b4 苗,850,1386,5100,8315,14,1,0
src_0566,D:\kp\数据集图片\..秧苗素质-扫描系统采集\传感器A1-B4 苗\B4-01-土-0424\0511\100078.tif,..秧苗素质-扫描系统采集\传感器A1-B4 苗\B4-01-土-0424\0511\100078.tif,scanner_directory::..秧苗素质-扫描系统采集\传感器a1-b4 苗\b4-01-土-0424\0511,0511,传感器a1-b4 苗,850,1386,5100,8315,12,1,0
src_0567,D:\kp\数据集图片\..秧苗素质-扫描系统采集\传感器A1-B4 苗\B4-01-土-0424\0511\100079.tif,..秧苗素质-扫描系统采集\传感器A1-B4 苗\B4-01-土-0424\0511\100079.tif,scanner_directory::..秧苗素质-扫描系统采集\传感器a1-b4 苗\b4-01-土-0424\0511,0511,传感器a1-b4 苗,850,1386,5100,8315,13,1,0
src_0568,D:\kp\数据集图片\..秧苗素质-扫描系统采集\传感器A1-B4 苗\B4-01-土-0424\0511\100080.tif,..秧苗素质-扫描系统采集\传感器A1-B4 苗\B4-01-土-0424\0511\100080.tif,scanner_directory::..秧苗素质-扫描系统采集\传感器a1-b4 苗\b4-01-土-0424\0511,0511,传感器a1-b4 苗,850,1386,5100,8315,9,1,0
src_0569,D:\kp\数据集图片\..秧苗素质-扫描系统采集\传感器A1-B4 苗\B4-01-土-0424\0511\100081.tif,..秧苗素质-扫描系统采集\传感器A1-B4 苗\B4-01-土-0424\0511\100081.tif,scanner_directory::..秧苗素质-扫描系统采集\传感器a1-b4 苗\b4-01-土-0424\0511,0511,传感器a1-b4 苗,850,1386,5100,8315,11,1,0
src_0570,D:\kp\数据集图片\..秧苗素质-扫描系统采集\传感器A1-B4 苗\B4-01-土-0424\0511\100082.tif,..秧苗素质-扫描系统采集\传感器A1-B4 苗\B4-01-土-0424\0511\100082.tif,scanner_directory::..秧苗素质-扫描系统采集\传感器a1-b4 苗\b4-01-土-0424\0511,0511,传感器a1-b4 苗,850,1386,5100,8315,13,1,0
src_0571,D:\kp\数据集图片\..秧苗素质-扫描系统采集\传感器A1-B4 苗\B4-01-土-0424\0511\100083.tif,..秧苗素质-扫描系统采集\传感器A1-B4 苗\B4-01-土-0424\0511\100083.tif,scanner_directory::..秧苗素质-扫描系统采集\传感器a1-b4 苗\b4-01-土-0424\0511,0511,传感器a1-b4 苗,850,1386,5100,8315,11,1,0
src_0572,D:\kp\数据集图片\..秧苗素质-扫描系统采集\传感器A1-B4 苗\B4-01-土-0424\0511\100084.tif,..秧苗素质-扫描系统采集\传感器A1-B4 苗\B4-01-土-0424\0511\100084.tif,scanner_directory::..秧苗素质-扫描系统采集\传感器a1-b4 苗\b4-01-土-0424\0511,0511,传感器a1-b4 苗,850,1386,5100,8315,8,1,0
src_0573,D:\kp\数据集图片\..秧苗素质-扫描系统采集\传感器A1-B4 苗\B4-01-土-0424\0511\100085.tif,..秧苗素质-扫描系统采集\传感器A1-B4 苗\B4-01-土-0424\0511\100085.tif,scanner_directory::..秧苗素质-扫描系统采集\传感器a1-b4 苗\b4-01-土-0424\0511,0511,传感器a1-b4 苗,850,1386,5100,8315,9,1,0
src_0574,D:\kp\数据集图片\..秧苗素质-扫描系统采集\传感器A1-B4 苗\B4-01-土-0424\0512\100109.tif,..秧苗素质-扫描系统采集\传感器A1-B4 苗\B4-01-土-0424\0512\100109.tif,scanner_directory::..秧苗素质-扫描系统采集\传感器a1-b4 苗\b4-01-土-0424\0512,0512,传感器a1-b4 苗,850,1386,5100,8315,13,1,0
src_0575,D:\kp\数据集图片\..秧苗素质-扫描系统采集\传感器A1-B4 苗\B4-01-土-0424\0512\test00110.tif,..秧苗素质-扫描系统采集\传感器A1-B4 苗\B4-01-土-0424\0512\test00110.tif,scanner_directory::..秧苗素质-扫描系统采集\传感器a1-b4 苗\b4-01-土-0424\0512,0512,传感器a1-b4 苗,850,1386,5100,8315,14,1,0
src_0576,D:\kp\数据集图片\..秧苗素质-扫描系统采集\传感器A1-B4 苗\B4-01-土-0424\0512\test00111.tif,..秧苗素质-扫描系统采集\传感器A1-B4 苗\B4-01-土-0424\0512\test00111.tif,scanner_directory::..秧苗素质-扫描系统采集\传感器a1-b4 苗\b4-01-土-0424\0512,0512,传感器a1-b4 苗,850,1386,5100,8315,14,1,0
src_0577,D:\kp\数据集图片\..秧苗素质-扫描系统采集\传感器A1-B4 苗\B4-01-土-0424\0512\test00112.tif,..秧苗素质-扫描系统采集\传感器A1-B4 苗\B4-01-土-0424\0512\test00112.tif,scanner_directory::..秧苗素质-扫描系统采集\传感器a1-b4 苗\b4-01-土-0424\0512,0512,传感器a1-b4 苗,850,1386,5100,8315,18,1,0
src_0578,D:\kp\数据集图片\..秧苗素质-扫描系统采集\传感器A1-B4 苗\B4-01-土-0424\0512\test00113.tif,..秧苗素质-扫描系统采集\传感器A1-B4 苗\B4-01-土-0424\0512\test00113.tif,scanner_directory::..秧苗素质-扫描系统采集\传感器a1-b4 苗\b4-01-土-0424\0512,0512,传感器a1-b4 苗,850,1386,5100,8315,16,1,0
src_0579,D:\kp\数据集图片\..秧苗素质-扫描系统采集\传感器A1-B4 苗\B4-01-土-0424\0512\test00114.tif,..秧苗素质-扫描系统采集\传感器A1-B4 苗\B4-01-土-0424\0512\test00114.tif,scanner_directory::..秧苗素质-扫描系统采集\传感器a1-b4 苗\b4-01-土-0424\0512,0512,传感器a1-b4 苗,850,1386,5100,8315,15,1,0
src_0580,D:\kp\数据集图片\..秧苗素质-扫描系统采集\传感器A1-B4 苗\B4-01-土-0424\0512\test00115.tif,..秧苗素质-扫描系统采集\传感器A1-B4 苗\B4-01-土-0424\0512\test00115.tif,scanner_directory::..秧苗素质-扫描系统采集\传感器a1-b4 苗\b4-01-土-0424\0512,0512,传感器a1-b4 苗,850,1386,5100,8315,9,1,0
src_0581,D:\kp\数据集图片\..秧苗素质-扫描系统采集\传感器A1-B4 苗\B4-01-土-0424\0513\test00144.tif,..秧苗素质-扫描系统采集\传感器A1-B4 苗\B4-01-土-0424\0513\test00144.tif,scanner_directory::..秧苗素质-扫描系统采集\传感器a1-b4 苗\b4-01-土-0424\0513,0513,传感器a1-b4 苗,850,1386,5100,8315,12,1,0
src_0582,D:\kp\数据集图片\..秧苗素质-扫描系统采集\传感器A1-B4 苗\B4-01-土-0424\0513\test00145.tif,..秧苗素质-扫描系统采集\传感器A1-B4 苗\B4-01-土-0424\0513\test00145.tif,scanner_directory::..秧苗素质-扫描系统采集\传感器a1-b4 苗\b4-01-土-0424\0513,0513,传感器a1-b4 苗,850,1386,5100,8315,10,1,0
src_0583,D:\kp\数据集图片\..秧苗素质-扫描系统采集\传感器A1-B4 苗\B4-01-土-0424\0513\test00146.tif,..秧苗素质-扫描系统采集\传感器A1-B4 苗\B4-01-土-0424\0513\test00146.tif,scanner_directory::..秧苗素质-扫描系统采集\传感器a1-b4 苗\b4-01-土-0424\0513,0513,传感器a1-b4 苗,850,1386,5100,8315,7,1,0
src_0584,D:\kp\数据集图片\..秧苗素质-扫描系统采集\传感器A1-B4 苗\B4-01-土-0424\0513\test00147.tif,..秧苗素质-扫描系统采集\传感器A1-B4 苗\B4-01-土-0424\0513\test00147.tif,scanner_directory::..秧苗素质-扫描系统采集\传感器a1-b4 苗\b4-01-土-0424\0513,0513,传感器a1-b4 苗,850,1386,5100,8315,11,1,0
src_0585,D:\kp\数据集图片\..秧苗素质-扫描系统采集\传感器A1-B4 苗\B4-01-土-0424\0513\test00148.tif,..秧苗素质-扫描系统采集\传感器A1-B4 苗\B4-01-土-0424\0513\test00148.tif,scanner_directory::..秧苗素质-扫描系统采集\传感器a1-b4 苗\b4-01-土-0424\0513,0513,传感器a1-b4 苗,850,1386,5100,8315,12,1,0
src_0586,D:\kp\数据集图片\..秧苗素质-扫描系统采集\传感器A1-B4 苗\B4-01-土-0424\0513\test00149.tif,..秧苗素质-扫描系统采集\传感器A1-B4 苗\B4-01-土-0424\0513\test00149.tif,scanner_directory::..秧苗素质-扫描系统采集\传感器a1-b4 苗\b4-01-土-0424\0513,0513,传感器a1-b4 苗,850,1386,5100,8315,10,1,0
src_0587,D:\kp\数据集图片\..秧苗素质-扫描系统采集\传感器A1-B4 苗\B4-01-土-0424\0514\0514B400001.tif,..秧苗素质-扫描系统采集\传感器A1-B4 苗\B4-01-土-0424\0514\0514B400001.tif,scanner_directory::..秧苗素质-扫描系统采集\传感器a1-b4 苗\b4-01-土-0424\0514,0514,传感器a1-b4 苗,850,1386,5100,8315,9,1,0
src_0588,D:\kp\数据集图片\..秧苗素质-扫描系统采集\传感器A1-B4 苗\B4-01-土-0424\0514\0514B400002.tif,..秧苗素质-扫描系统采集\传感器A1-B4 苗\B4-01-土-0424\0514\0514B400002.tif,scanner_directory::..秧苗素质-扫描系统采集\传感器a1-b4 苗\b4-01-土-0424\0514,0514,传感器a1-b4 苗,850,1386,5100,8315,11,1,0
src_0589,D:\kp\数据集图片\..秧苗素质-扫描系统采集\传感器A1-B4 苗\B4-01-土-0424\0514\0514B400003.tif,..秧苗素质-扫描系统采集\传感器A1-B4 苗\B4-01-土-0424\0514\0514B400003.tif,scanner_directory::..秧苗素质-扫描系统采集\传感器a1-b4 苗\b4-01-土-0424\0514,0514,传感器a1-b4 苗,850,1386,5100,8315,11,1,0
src_0590,D:\kp\数据集图片\..秧苗素质-扫描系统采集\传感器A1-B4 苗\B4-01-土-0424\0514\0514B400004.tif,..秧苗素质-扫描系统采集\传感器A1-B4 苗\B4-01-土-0424\0514\0514B400004.tif,scanner_directory::..秧苗素质-扫描系统采集\传感器a1-b4 苗\b4-01-土-0424\0514,0514,传感器a1-b4 苗,850,1386,5100,8315,11,1,0
src_0591,D:\kp\数据集图片\..秧苗素质-扫描系统采集\传感器A1-B4 苗\B4-01-土-0424\0514\0514B400005.tif,..秧苗素质-扫描系统采集\传感器A1-B4 苗\B4-01-土-0424\0514\0514B400005.tif,scanner_directory::..秧苗素质-扫描系统采集\传感器a1-b4 苗\b4-01-土-0424\0514,0514,传感器a1-b4 苗,850,1386,5100,8315,11,1,0
src_0592,D:\kp\数据集图片\..秧苗素质-扫描系统采集\传感器A1-B4 苗\B4-01-土-0424\0514\0514B400006.tif,..秧苗素质-扫描系统采集\传感器A1-B4 苗\B4-01-土-0424\0514\0514B400006.tif,scanner_directory::..秧苗素质-扫描系统采集\传感器a1-b4 苗\b4-01-土-0424\0514,0514,传感器a1-b4 苗,850,1386,5100,8315,10,1,0
src_0593,D:\kp\数据集图片\..秧苗素质-扫描系统采集\传感器A1-B4 苗\B4-01-土-0424\0514\0514B400007.tif,..秧苗素质-扫描系统采集\传感器A1-B4 苗\B4-01-土-0424\0514\0514B400007.tif,scanner_directory::..秧苗素质-扫描系统采集\传感器a1-b4 苗\b4-01-土-0424\0514,0514,传感器a1-b4 苗,850,1386,5100,8315,10,1,0
src_0594,D:\kp\数据集图片\..秧苗素质-扫描系统采集\传感器A1-B4 苗\B4-01-土-0424\0514\0514B400008.tif,..秧苗素质-扫描系统采集\传感器A1-B4 苗\B4-01-土-0424\0514\0514B400008.tif,scanner_directory::..秧苗素质-扫描系统采集\传感器a1-b4 苗\b4-01-土-0424\0514,0514,传感器a1-b4 苗,850,1386,5100,8315,17,1,0
src_0595,D:\kp\数据集图片\..秧苗素质-扫描系统采集\传感器A1-B4 苗\B4-01-土-0424\0515\100030.tif,..秧苗素质-扫描系统采集\传感器A1-B4 苗\B4-01-土-0424\0515\100030.tif,scanner_directory::..秧苗素质-扫描系统采集\传感器a1-b4 苗\b4-01-土-0424\0515,0515,传感器a1-b4 苗,850,1386,5100,8315,12,1,0
src_0596,D:\kp\数据集图片\..秧苗素质-扫描系统采集\传感器A1-B4 苗\B4-01-土-0424\0515\100031.tif,..秧苗素质-扫描系统采集\传感器A1-B4 苗\B4-01-土-0424\0515\100031.tif,scanner_directory::..秧苗素质-扫描系统采集\传感器a1-b4 苗\b4-01-土-0424\0515,0515,传感器a1-b4 苗,850,1386,5100,8315,11,1,0
src_0597,D:\kp\数据集图片\..秧苗素质-扫描系统采集\传感器A1-B4 苗\B4-01-土-0424\0515\100032.tif,..秧苗素质-扫描系统采集\传感器A1-B4 苗\B4-01-土-0424\0515\100032.tif,scanner_directory::..秧苗素质-扫描系统采集\传感器a1-b4 苗\b4-01-土-0424\0515,0515,传感器a1-b4 苗,850,1386,5100,8315,10,1,0
src_0598,D:\kp\数据集图片\..秧苗素质-扫描系统采集\传感器A1-B4 苗\B4-01-土-0424\0515\100033.tif,..秧苗素质-扫描系统采集\传感器A1-B4 苗\B4-01-土-0424\0515\100033.tif,scanner_directory::..秧苗素质-扫描系统采集\传感器a1-b4 苗\b4-01-土-0424\0515,0515,传感器a1-b4 苗,850,1386,5100,8315,8,1,0
src_0599,D:\kp\数据集图片\..秧苗素质-扫描系统采集\传感器A1-B4 苗\B4-01-土-0424\0516\100034.tif,..秧苗素质-扫描系统采集\传感器A1-B4 苗\B4-01-土-0424\0516\100034.tif,scanner_directory::..秧苗素质-扫描系统采集\传感器a1-b4 苗\b4-01-土-0424\0516,0516,传感器a1-b4 苗,850,1386,5100,8315,8,1,0
src_0600,D:\kp\数据集图片\..秧苗素质-扫描系统采集\传感器A1-B4 苗\B4-01-土-0424\0516\100035.tif,..秧苗素质-扫描系统采集\传感器A1-B4 苗\B4-01-土-0424\0516\100035.tif,scanner_directory::..秧苗素质-扫描系统采集\传感器a1-b4 苗\b4-01-土-0424\0516,0516,传感器a1-b4 苗,850,1386,5100,8315,8,1,0
src_0601,D:\kp\数据集图片\..秧苗素质-扫描系统采集\传感器A1-B4 苗\B4-01-土-0424\0516\100036.tif,..秧苗素质-扫描系统采集\传感器A1-B4 苗\B4-01-土-0424\0516\100036.tif,scanner_directory::..秧苗素质-扫描系统采集\传感器a1-b4 苗\b4-01-土-0424\0516,0516,传感器a1-b4 苗,850,1386,5100,8315,13,1,0
src_0602,D:\kp\数据集图片\..秧苗素质-扫描系统采集\传感器A1-B4 苗\B4-01-土-0424\0516\100037.tif,..秧苗素质-扫描系统采集\传感器A1-B4 苗\B4-01-土-0424\0516\100037.tif,scanner_directory::..秧苗素质-扫描系统采集\传感器a1-b4 苗\b4-01-土-0424\0516,0516,传感器a1-b4 苗,850,1386,5100,8315,4,1,0
src_0603,D:\kp\数据集图片\..秧苗素质-扫描系统采集\传感器A1-B4 苗\B4-01-土-0424\0517\100077.tif,..秧苗素质-扫描系统采集\传感器A1-B4 苗\B4-01-土-0424\0517\100077.tif,scanner_directory::..秧苗素质-扫描系统采集\传感器a1-b4 苗\b4-01-土-0424\0517,0517,传感器a1-b4 苗,850,1386,5100,8315,9,1,0
src_0604,D:\kp\数据集图片\..秧苗素质-扫描系统采集\传感器A1-B4 苗\B4-01-土-0424\0517\100078.tif,..秧苗素质-扫描系统采集\传感器A1-B4 苗\B4-01-土-0424\0517\100078.tif,scanner_directory::..秧苗素质-扫描系统采集\传感器a1-b4 苗\b4-01-土-0424\0517,0517,传感器a1-b4 苗,850,1386,5100,8315,12,1,0
src_0605,D:\kp\数据集图片\..秧苗素质-扫描系统采集\传感器A1-B4 苗\B4-01-土-0424\0517\100079.tif,..秧苗素质-扫描系统采集\传感器A1-B4 苗\B4-01-土-0424\0517\100079.tif,scanner_directory::..秧苗素质-扫描系统采集\传感器a1-b4 苗\b4-01-土-0424\0517,0517,传感器a1-b4 苗,850,1386,5100,8315,10,1,0
src_0606,D:\kp\数据集图片\..秧苗素质-扫描系统采集\传感器A1-B4 苗\B4-01-土-0424\0518\100099.tif,..秧苗素质-扫描系统采集\传感器A1-B4 苗\B4-01-土-0424\0518\100099.tif,scanner_directory::..秧苗素质-扫描系统采集\传感器a1-b4 苗\b4-01-土-0424\0518,0518,传感器a1-b4 苗,850,1386,5100,8315,9,1,0
src_0607,D:\kp\数据集图片\..秧苗素质-扫描系统采集\传感器A1-B4 苗\B4-01-土-0424\0518\100100.tif,..秧苗素质-扫描系统采集\传感器A1-B4 苗\B4-01-土-0424\0518\100100.tif,scanner_directory::..秧苗素质-扫描系统采集\传感器a1-b4 苗\b4-01-土-0424\0518,0518,传感器a1-b4 苗,850,1386,5100,8315,10,1,0
src_0608,D:\kp\数据集图片\..秧苗素质-扫描系统采集\传感器A1-B4 苗\B4-01-土-0424\0518\100101.tif,..秧苗素质-扫描系统采集\传感器A1-B4 苗\B4-01-土-0424\0518\100101.tif,scanner_directory::..秧苗素质-扫描系统采集\传感器a1-b4 苗\b4-01-土-0424\0518,0518,传感器a1-b4 苗,850,1386,5100,8315,8,1,0
src_0609,D:\kp\数据集图片\..秧苗素质-扫描系统采集\扫描仪9.5\9.10-5.8\062500013.tif,..秧苗素质-扫描系统采集\扫描仪9.5\9.10-5.8\062500013.tif,scanner_directory::..秧苗素质-扫描系统采集\扫描仪9.5\9.10-5.8,9.10-5.8,扫描仪9.5,848,1398,5087,8387,14,1,0
src_0611,D:\kp\数据集图片\..秧苗素质-扫描系统采集\扫描仪9.5\9.12-5.10\062500015.tif,..秧苗素质-扫描系统采集\扫描仪9.5\9.12-5.10\062500015.tif,scanner_directory::..秧苗素质-扫描系统采集\扫描仪9.5\9.12-5.10,9.12-5.10,扫描仪9.5,848,1398,5087,8387,13,1,0
src_0612,D:\kp\数据集图片\..秧苗素质-扫描系统采集\扫描仪9.5\9.12-5.10\062500016.tif,..秧苗素质-扫描系统采集\扫描仪9.5\9.12-5.10\062500016.tif,scanner_directory::..秧苗素质-扫描系统采集\扫描仪9.5\9.12-5.10,9.12-5.10,扫描仪9.5,848,1398,5087,8387,7,1,0
src_0613,D:\kp\数据集图片\..秧苗素质-扫描系统采集\扫描仪9.5\9.13-5.11\062500017.tif,..秧苗素质-扫描系统采集\扫描仪9.5\9.13-5.11\062500017.tif,scanner_directory::..秧苗素质-扫描系统采集\扫描仪9.5\9.13-5.11,9.13-5.11,扫描仪9.5,848,1398,5087,8387,10,1,0
src_0614,D:\kp\数据集图片\..秧苗素质-扫描系统采集\扫描仪9.5\9.14-5.12\062500018.tif,..秧苗素质-扫描系统采集\扫描仪9.5\9.14-5.12\062500018.tif,scanner_directory::..秧苗素质-扫描系统采集\扫描仪9.5\9.14-5.12,9.14-5.12,扫描仪9.5,848,1398,5087,8387,6,1,0
src_0615,D:\kp\数据集图片\..秧苗素质-扫描系统采集\扫描仪9.5\9.14-5.12\062500019.tif,..秧苗素质-扫描系统采集\扫描仪9.5\9.14-5.12\062500019.tif,scanner_directory::..秧苗素质-扫描系统采集\扫描仪9.5\9.14-5.12,9.14-5.12,扫描仪9.5,848,1398,5087,8387,8,1,0
src_0616,D:\kp\数据集图片\..秧苗素质-扫描系统采集\扫描仪9.5\9.15-5.13\062500020.tif,..秧苗素质-扫描系统采集\扫描仪9.5\9.15-5.13\062500020.tif,scanner_directory::..秧苗素质-扫描系统采集\扫描仪9.5\9.15-5.13,9.15-5.13,扫描仪9.5,848,1398,5087,8387,8,1,0
src_0617,D:\kp\数据集图片\..秧苗素质-扫描系统采集\扫描仪9.5\9.15-5.13\062500021.tif,..秧苗素质-扫描系统采集\扫描仪9.5\9.15-5.13\062500021.tif,scanner_directory::..秧苗素质-扫描系统采集\扫描仪9.5\9.15-5.13,9.15-5.13,扫描仪9.5,848,1398,5087,8387,8,1,0
src_0618,D:\kp\数据集图片\..秧苗素质-扫描系统采集\扫描仪9.5\9.15-5.13\062500022.tif,..秧苗素质-扫描系统采集\扫描仪9.5\9.15-5.13\062500022.tif,scanner_directory::..秧苗素质-扫描系统采集\扫描仪9.5\9.15-5.13,9.15-5.13,扫描仪9.5,848,1398,5087,8387,7,1,0
src_0619,D:\kp\数据集图片\..秧苗素质-扫描系统采集\扫描仪9.5\9.16-5.14\062500023.tif,..秧苗素质-扫描系统采集\扫描仪9.5\9.16-5.14\062500023.tif,scanner_directory::..秧苗素质-扫描系统采集\扫描仪9.5\9.16-5.14,9.16-5.14,扫描仪9.5,848,1398,5087,8387,8,1,0
src_0620,D:\kp\数据集图片\..秧苗素质-扫描系统采集\扫描仪9.5\9.16-5.14\062500024.tif,..秧苗素质-扫描系统采集\扫描仪9.5\9.16-5.14\062500024.tif,scanner_directory::..秧苗素质-扫描系统采集\扫描仪9.5\9.16-5.14,9.16-5.14,扫描仪9.5,848,1398,5087,8387,7,1,0
src_0621,D:\kp\数据集图片\..秧苗素质-扫描系统采集\扫描仪9.5\9.16-5.14\062500025.tif,..秧苗素质-扫描系统采集\扫描仪9.5\9.16-5.14\062500025.tif,scanner_directory::..秧苗素质-扫描系统采集\扫描仪9.5\9.16-5.14,9.16-5.14,扫描仪9.5,848,1398,5087,8387,5,1,0
src_0622,D:\kp\数据集图片\..秧苗素质-扫描系统采集\扫描仪9.5\9.17-5.15\062500028.tif,..秧苗素质-扫描系统采集\扫描仪9.5\9.17-5.15\062500028.tif,scanner_directory::..秧苗素质-扫描系统采集\扫描仪9.5\9.17-5.15,9.17-5.15,扫描仪9.5,848,1398,5087,8387,6,1,0
src_0623,D:\kp\数据集图片\..秧苗素质-扫描系统采集\扫描仪9.5\9.17-5.15\062500029.tif,..秧苗素质-扫描系统采集\扫描仪9.5\9.17-5.15\062500029.tif,scanner_directory::..秧苗素质-扫描系统采集\扫描仪9.5\9.17-5.15,9.17-5.15,扫描仪9.5,848,1398,5087,8387,7,1,0
src_0624,D:\kp\数据集图片\..秧苗素质-扫描系统采集\扫描仪9.5\9.18-5.16\062500026.tif,..秧苗素质-扫描系统采集\扫描仪9.5\9.18-5.16\062500026.tif,scanner_directory::..秧苗素质-扫描系统采集\扫描仪9.5\9.18-5.16,9.18-5.16,扫描仪9.5,848,1398,5087,8387,3,1,0
src_0625,D:\kp\数据集图片\..秧苗素质-扫描系统采集\扫描仪9.5\9.18-5.16\062500027.tif,..秧苗素质-扫描系统采集\扫描仪9.5\9.18-5.16\062500027.tif,scanner_directory::..秧苗素质-扫描系统采集\扫描仪9.5\9.18-5.16,9.18-5.16,扫描仪9.5,848,1398,5087,8387,6,1,0
src_0626,D:\kp\数据集图片\..秧苗素质-扫描系统采集\扫描仪9.5\9.18-5.16\062500030.tif,..秧苗素质-扫描系统采集\扫描仪9.5\9.18-5.16\062500030.tif,scanner_directory::..秧苗素质-扫描系统采集\扫描仪9.5\9.18-5.16,9.18-5.16,扫描仪9.5,848,1398,5087,8387,5,1,0
src_0627,D:\kp\数据集图片\..秧苗素质-扫描系统采集\扫描仪9.5\9.19-5.17\062500031.tif,..秧苗素质-扫描系统采集\扫描仪9.5\9.19-5.17\062500031.tif,scanner_directory::..秧苗素质-扫描系统采集\扫描仪9.5\9.19-5.17,9.19-5.17,扫描仪9.5,848,1398,5087,8387,6,1,0
src_0628,D:\kp\数据集图片\..秧苗素质-扫描系统采集\扫描仪9.5\9.19-5.17\062500032.tif,..秧苗素质-扫描系统采集\扫描仪9.5\9.19-5.17\062500032.tif,scanner_directory::..秧苗素质-扫描系统采集\扫描仪9.5\9.19-5.17,9.19-5.17,扫描仪9.5,848,1398,5087,8387,7,1,0
src_0629,D:\kp\数据集图片\..秧苗素质-扫描系统采集\扫描仪9.5\9.19-5.17\062500033.tif,..秧苗素质-扫描系统采集\扫描仪9.5\9.19-5.17\062500033.tif,scanner_directory::..秧苗素质-扫描系统采集\扫描仪9.5\9.19-5.17,9.19-5.17,扫描仪9.5,848,1398,5087,8387,4,1,0
src_0630,D:\kp\数据集图片\..秧苗素质-扫描系统采集\扫描仪9.5\9.19-5.17\062500034.tif,..秧苗素质-扫描系统采集\扫描仪9.5\9.19-5.17\062500034.tif,scanner_directory::..秧苗素质-扫描系统采集\扫描仪9.5\9.19-5.17,9.19-5.17,扫描仪9.5,848,1398,5087,8387,3,1,0
src_0633,D:\kp\数据集图片\..秧苗素质-扫描系统采集\扫描仪9.5\9.7-5.5\062500004.tif,..秧苗素质-扫描系统采集\扫描仪9.5\9.7-5.5\062500004.tif,scanner_directory::..秧苗素质-扫描系统采集\扫描仪9.5\9.7-5.5,9.7-5.5,扫描仪9.5,848,1398,5087,8387,17,1,0
src_0634,D:\kp\数据集图片\..秧苗素质-扫描系统采集\扫描仪9.5\9.7-5.5\062500005.tif,..秧苗素质-扫描系统采集\扫描仪9.5\9.7-5.5\062500005.tif,scanner_directory::..秧苗素质-扫描系统采集\扫描仪9.5\9.7-5.5,9.7-5.5,扫描仪9.5,848,1398,5087,8387,21,1,0
src_0635,D:\kp\数据集图片\..秧苗素质-扫描系统采集\扫描仪9.5\9.8-5.6\062500007.tif,..秧苗素质-扫描系统采集\扫描仪9.5\9.8-5.6\062500007.tif,scanner_directory::..秧苗素质-扫描系统采集\扫描仪9.5\9.8-5.6,9.8-5.6,扫描仪9.5,848,1398,5087,8387,19,1,0
src_0636,D:\kp\数据集图片\..秧苗素质-扫描系统采集\扫描仪9.5\9.8-5.6\062500008.tif,..秧苗素质-扫描系统采集\扫描仪9.5\9.8-5.6\062500008.tif,scanner_directory::..秧苗素质-扫描系统采集\扫描仪9.5\9.8-5.6,9.8-5.6,扫描仪9.5,848,1398,5087,8387,17,1,0
src_0637,D:\kp\数据集图片\..秧苗素质-扫描系统采集\扫描仪9.5\9.8-5.6\062500009.tif,..秧苗素质-扫描系统采集\扫描仪9.5\9.8-5.6\062500009.tif,scanner_directory::..秧苗素质-扫描系统采集\扫描仪9.5\9.8-5.6,9.8-5.6,扫描仪9.5,848,1398,5087,8387,20,1,0
src_0638,D:\kp\数据集图片\..秧苗素质-扫描系统采集\扫描仪9.5\9.9-5.7\062500010.tif,..秧苗素质-扫描系统采集\扫描仪9.5\9.9-5.7\062500010.tif,scanner_directory::..秧苗素质-扫描系统采集\扫描仪9.5\9.9-5.7,9.9-5.7,扫描仪9.5,848,1398,5087,8387,12,1,0
src_0639,D:\kp\数据集图片\..秧苗素质-扫描系统采集\扫描仪9.5\9.9-5.7\062500012.tif,..秧苗素质-扫描系统采集\扫描仪9.5\9.9-5.7\062500012.tif,scanner_directory::..秧苗素质-扫描系统采集\扫描仪9.5\9.9-5.7,9.9-5.7,扫描仪9.5,848,1398,5087,8387,11,1,0
