image_id,source_path,source_name,sha256,dhash64,width,height,aspect_ratio,orientation,file_size_bytes,blur_laplacian_var,border_luminance_mean,border_luminance_std,border_saturation_mean,background_class,vegetation_fraction,vegetation_components,bbox_x1,bbox_y1,bbox_x2,bbox_y2,bbox_area_fraction,bbox_border_touch,crop_x1,crop_y1,crop_x2,crop_y2,quality_score,auto_review_flags,structural_complexity_score,structural_complexity_proxy,exact_duplicate_group,strong_near_duplicate_group,proposed_status,proposed_split,pilot80,crop_path,g1_role
akd_0279,D:\kp\kp_cc_uns_400\images\Camera MV-XGC1207GC#A9FE3BF8-Snapshot-20250725-151300-575-13321961765013.jpg,Camera MV-XGC1207GC#A9FE3BF8-Snapshot-20250725-151300-575-13321961765013.jpg,aa215868425365d1dbf0997f5b6c2784c3e02cc1dde48edd5ed2262c92c4a368,f8fc3c2e787afbfb,1024,768,1.333333,landscape,125267,32.6474,130.8088,16.5818,24.0757,gray_plain,0.2776769,94,0,0,1024,768,1.0,1,0,0,1024,768,94.0,plant_bbox_touches_border,6.425797,high,,,included_pending_human_audit,development,1,D:\kp\adaptive_keypoint_discovery_reboot\experiment\data_g0\crops\akd_0279.jpg,calibration20
akd_0120,D:\kp\kp_cc_uns_400\images\70-70.jpg,70-70.jpg,847e13a776e91d75601614d897402aff5a5902fdb2d21fa7c4d91082616e404e,061f0f0f090f2fa5,265,1024,0.258789,portrait,147149,6413.0428,236.0766,51.5873,1.9677,mixed,0.1390846,24,0,40,265,1020,0.9570312,1,0,0,265,1024,90.0,plant_bbox_touches_border;mixed_background,5.317715,medium,,,included_pending_human_audit,development,1,D:\kp\adaptive_keypoint_discovery_reboot\experiment\data_g0\crops\akd_0120.jpg,calibration20
akd_0227,D:\kp\kp_cc_uns_400\images\Camera MV-XGC1207GC#A9FE3BF8-Snapshot-20250725-145633-731-13312093327400.jpg,Camera MV-XGC1207GC#A9FE3BF8-Snapshot-20250725-145633-731-13312093327400.jpg,9802cadad07c4ba49f6e5507a9cf1910dcdbbbd368f8dc77879140344d38627d,fcfcfefefdef3df9,1024,768,1.333333,landscape,119566,20.8774,130.452,15.139,25.5277,gray_plain,0.2344767,96,0,0,1024,768,1.0,1,0,0,1024,768,94.0,plant_bbox_touches_border,6.446631,high,,,included_pending_human_audit,development,1,D:\kp\adaptive_keypoint_discovery_reboot\experiment\data_g0\crops\akd_0227.jpg,calibration20
akd_0346,D:\kp\kp_cc_uns_400\images\leaf3 (45).jpg,leaf3 (45).jpg,4131378edeab9de122f6cede0c52275594d98e2659bcc8871f40db9248c6d98a,00701c0709091000,1024,259,3.953668,landscape,26888,174.3016,254.7048,5.6724,0.0436,light_plain,0.1039869,7,19,48,979,178,0.4705598,0,0,9,1024,217,100.0,,3.657855,low,,,included_pending_human_audit,development,1,D:\kp\adaptive_keypoint_discovery_reboot\experiment\data_g0\crops\akd_0346.jpg,calibration20
akd_0222,D:\kp\kp_cc_uns_400\images\Camera MV-XGC1207GC#A9FE3BF8-Snapshot-20250725-145548-733-13311643343928.jpg,Camera MV-XGC1207GC#A9FE3BF8-Snapshot-20250725-145548-733-13311643343928.jpg,7f1d196060042b6df1ef19b95e058c1e68979dd1ddb7657249392f0565b94093,fcfc7efe7f1dd9f9,1024,768,1.333333,landscape,118479,22.6803,129.338,16.0969,24.1397,gray_plain,0.2865601,75,0,0,1024,768,1.0,1,0,0,1024,768,94.0,plant_bbox_touches_border,6.202654,high,,,included_pending_human_audit,development,1,D:\kp\adaptive_keypoint_discovery_reboot\experiment\data_g0\crops\akd_0222.jpg,calibration20
akd_0394,D:\kp\kp_cc_uns_400\images\leaf3 (93).jpg,leaf3 (93).jpg,cee0f317d064727c87ae21f89ce1f1f672f559700c874999f4bdd9d9248374d2,0080c0631c2040c0,1024,599,1.709516,landscape,32131,85.7798,254.9998,0.0141,0.0003,light_plain,0.04396,1,67,98,892,550,0.6079468,0,0,0,1024,599,100.0,,2.230677,low,,,included_pending_human_audit,development,1,D:\kp\adaptive_keypoint_discovery_reboot\experiment\data_g0\crops\akd_0394.jpg,calibration20
akd_0075,D:\kp\kp_cc_uns_400\images\43.jpg,43.jpg,b0ef93266489c0284c96d8fd7501a7531e398d3562d70a4c6930da816ec06f1d,fc7cfefe793dd9f9,1024,768,1.333333,landscape,123815,19.0993,130.8461,16.7993,26.5315,gray_plain,0.2320124,103,0,0,1024,768,1.0,1,0,0,1024,768,94.0,plant_bbox_touches_border,6.516311,high,,near_001,included_pending_human_audit,development,1,D:\kp\adaptive_keypoint_discovery_reboot\experiment\data_g0\crops\akd_0075.jpg,calibration20
akd_0330,D:\kp\kp_cc_uns_400\images\leaf3 (121).jpg,leaf3 (121).jpg,1eb8d7731ec3684434dcea206d0877b6d2a48653e2f0124f77cdfa320447bb74,0080486a4e000000,1024,290,3.531034,landscape,15057,90.3312,255.0,0.0,0.0,light_plain,0.0557449,1,79,65,747,180,0.258688,0,0,31,947,214,100.0,,1.92405,low,,,included_pending_human_audit,development,1,D:\kp\adaptive_keypoint_discovery_reboot\experiment\data_g0\crops\akd_0330.jpg,calibration20
akd_0281,D:\kp\kp_cc_uns_400\images\Camera MV-XGC1207GC#A9FE3BF8-Snapshot-20250725-151311-934-13322075363337.jpg,Camera MV-XGC1207GC#A9FE3BF8-Snapshot-20250725-151311-934-13322075363337.jpg,656b1d4d35cd35aa92003a9a7d6792040eed857f471dd7fefb4803857d6b3b53,fcfcfe7e3ee8f9f9,1024,768,1.333333,landscape,123616,25.4134,134.3041,18.3462,21.0585,gray_plain,0.2615026,42,0,0,1024,768,1.0,1,0,0,1024,768,94.0,plant_bbox_touches_border,5.633121,medium,,,included_pending_human_audit,development,1,D:\kp\adaptive_keypoint_discovery_reboot\experiment\data_g0\crops\akd_0281.jpg,calibration20
akd_0042,D:\kp\kp_cc_uns_400\images\29-29.jpg,29-29.jpg,0f8ee535b9e36f2659ba6fa3b6928a956c907bafe5857736948a61070798f1b0,3f115153530f6e7c,340,1023,0.332356,portrait,92513,266.3866,253.8342,5.206,0.2907,light_plain,0.0369415,27,23,80,300,822,0.5909206,0,0,0,340,1023,100.0,,4.991276,medium,,,included_pending_human_audit,development,1,D:\kp\adaptive_keypoint_discovery_reboot\experiment\data_g0\crops\akd_0042.jpg,calibration20
akd_0054,D:\kp\kp_cc_uns_400\images\34-34.jpg,34-34.jpg,c5cf4b48c63be8f9c296de0db6f9cd9f7c84b8adbe29497718e06c8af0567ae2,3611133214183818,912,1024,0.890625,square,144706,168.3236,254.1855,4.4988,0.1774,light_plain,0.0358394,3,185,47,831,861,0.5630697,0,0,0,912,1024,100.0,,2.765936,low,,,included_pending_human_audit,development,1,D:\kp\adaptive_keypoint_discovery_reboot\experiment\data_g0\crops\akd_0054.jpg,calibration20
akd_0133,D:\kp\kp_cc_uns_400\images\81-81.jpg,81-81.jpg,01a5f6045b987d3dbd39ee6d42b59bcc10b2a1ce5c481b0ce15c661df57be967,0e170b0b0919053f,351,1024,0.342773,portrait,175890,8124.7013,230.1474,57.106,2.6421,mixed,0.0931017,61,8,0,346,1020,0.9592014,1,0,0,351,1024,90.0,plant_bbox_touches_border;mixed_background,6.157705,high,,,included_pending_human_audit,development,1,D:\kp\adaptive_keypoint_discovery_reboot\experiment\data_g0\crops\akd_0133.jpg,calibration20
akd_0151,D:\kp\kp_cc_uns_400\images\Camera MV-XGC1207GC#A9FE3BF8-Snapshot-20250725-112606-808-13185824099955.jpg,Camera MV-XGC1207GC#A9FE3BF8-Snapshot-20250725-112606-808-13185824099955.jpg,12799d7d3bca68e5e681b854bb88d7b3006002b07a401eb17df55749b395eb5d,fc3c7c7e9e9cdfff,1024,768,1.333333,landscape,142147,41.9517,179.7182,20.7958,10.1689,gray_plain,0.495945,33,0,0,1024,768,1.0,1,0,0,1024,768,94.0,plant_bbox_touches_border,5.398281,medium,,,included_pending_human_audit,development,1,D:\kp\adaptive_keypoint_discovery_reboot\experiment\data_g0\crops\akd_0151.jpg,calibration20
akd_0226,D:\kp\kp_cc_uns_400\images\Camera MV-XGC1207GC#A9FE3BF8-Snapshot-20250725-145629-641-13312052437767.jpg,Camera MV-XGC1207GC#A9FE3BF8-Snapshot-20250725-145629-641-13312052437767.jpg,9a248198a69d9b96632559fc9536f081290cc2335d7910de70074fc81fee94d9,fcfcfe7e3fbdb9f9,1024,768,1.333333,landscape,119764,21.4568,131.2574,15.0526,25.4964,gray_plain,0.246418,82,0,0,1024,768,1.0,1,0,0,1024,768,94.0,plant_bbox_touches_border,6.290761,high,,,included_pending_human_audit,development,1,D:\kp\adaptive_keypoint_discovery_reboot\experiment\data_g0\crops\akd_0226.jpg,calibration20
akd_0371,D:\kp\kp_cc_uns_400\images\leaf3 (72).jpg,leaf3 (72).jpg,af1c7666a32c758a03cd73f31c653785fe01c5051250c6b2b039bad3c5542618,0015091500000000,1024,440,2.327273,landscape,23448,60.9347,255.0,0.0,0.0,light_plain,0.0310924,6,331,93,914,180,0.1125732,0,157,4,1024,268,100.0,,2.761019,low,,,included_pending_human_audit,development,1,D:\kp\adaptive_keypoint_discovery_reboot\experiment\data_g0\crops\akd_0371.jpg,calibration20
akd_0103,D:\kp\kp_cc_uns_400\images\57-57.jpg,57-57.jpg,81a7424bc273641669195eb3397d81f531ded6f656f121a8eba7c7d942b597d5,037919576965713f,278,1024,0.271484,portrait,155249,5594.0712,232.9242,53.3031,3.9452,mixed,0.2017972,65,0,73,278,1014,0.9189453,1,0,0,278,1024,90.0,plant_bbox_touches_border;mixed_background,6.241127,high,,,included_pending_human_audit,development,1,D:\kp\adaptive_keypoint_discovery_reboot\experiment\data_g0\crops\akd_0103.jpg,calibration20
akd_0070,D:\kp\kp_cc_uns_400\images\41-41.jpg,41-41.jpg,13a41d9ec51db9f1f4e4e57c901086df8a4105d76b174366f66bfc39dbcb6ecb,7f19176e16571f4f,348,1024,0.339844,portrait,94857,378.3426,254.3269,5.2332,0.1226,light_plain,0.0419389,3,29,210,223,917,0.3848947,0,0,0,281,1024,100.0,,2.772829,low,,,included_pending_human_audit,development,1,D:\kp\adaptive_keypoint_discovery_reboot\experiment\data_g0\crops\akd_0070.jpg,calibration20
akd_0262,D:\kp\kp_cc_uns_400\images\Camera MV-XGC1207GC#A9FE3BF8-Snapshot-20250725-151147-792-13321233939602.jpg,Camera MV-XGC1207GC#A9FE3BF8-Snapshot-20250725-151147-792-13321233939602.jpg,e6df0efd0c5ad7f94bfae4d1e818190d4c516d8a304f7b8781df659a36f7e22f,fcfcfe9e9fbbbbb9,1024,768,1.333333,landscape,120199,22.1979,131.8708,16.0973,28.267,gray_plain,0.2394206,43,0,0,1024,768,1.0,1,0,0,1024,768,94.0,plant_bbox_touches_border,5.65611,medium,,,included_pending_human_audit,development,1,D:\kp\adaptive_keypoint_discovery_reboot\experiment\data_g0\crops\akd_0262.jpg,calibration20
akd_0336,D:\kp\kp_cc_uns_400\images\leaf3 (18).jpg,leaf3 (18).jpg,6c1f33788a617c46aff45addf4749db034a01981e977d56e7ef1d2c6b76abe4c,402030100f214100,1024,314,3.261146,landscape,24227,342.981,255.0,0.0,0.0,light_plain,0.0573217,1,51,30,891,264,0.6113157,0,0,0,1024,314,100.0,,2.396027,low,,,included_pending_human_audit,development,1,D:\kp\adaptive_keypoint_discovery_reboot\experiment\data_g0\crops\akd_0336.jpg,calibration20
akd_0376,D:\kp\kp_cc_uns_400\images\leaf3 (77).jpg,leaf3 (77).jpg,ceb3be68655dfe43208a450a49f392562d2cc60e6860ac9f468c98bf60172e9c,00783e0f090b0550,1024,475,2.155789,landscape,50220,100.9876,254.1603,8.7623,0.1531,light_plain,0.0778618,10,57,62,906,456,0.6877179,0,0,0,1024,475,100.0,,4.082652,low,,,included_pending_human_audit,development,1,D:\kp\adaptive_keypoint_discovery_reboot\experiment\data_g0\crops\akd_0376.jpg,calibration20
akd_0331,D:\kp\kp_cc_uns_400\images\leaf3 (13).jpg,leaf3 (13).jpg,eef717160c6c65499e24822daad11b7637bd1c1f592d575440111c3cc425bb82,0040301027090100,1024,301,3.401993,landscape,22047,299.69,255.0,0.0,0.0,light_plain,0.0529485,3,77,42,926,200,0.4352095,0,0,0,1024,247,100.0,,2.879852,low,,,included_pending_human_audit,development,1,D:\kp\adaptive_keypoint_discovery_reboot\experiment\data_g0\crops\akd_0331.jpg,pilot60
akd_0050,D:\kp\kp_cc_uns_400\images\32-32.jpg,32-32.jpg,860f024213adf551804f5e0cfd95dae22008fdd6231ba40c1b3ff72019cc7886,691b6b15050f333e,510,1023,0.498534,portrait,161899,359.7074,250.5287,10.7278,1.2705,light_plain,0.0727809,65,14,0,484,994,0.895444,1,0,0,510,1023,94.0,plant_bbox_touches_border,6.066978,high,,,included_pending_human_audit,development,1,D:\kp\adaptive_keypoint_discovery_reboot\experiment\data_g0\crops\akd_0050.jpg,pilot60
akd_0326,D:\kp\kp_cc_uns_400\images\leaf3 (118).jpg,leaf3 (118).jpg,70333a98975c3db09792d57d9216579f198ba92175f4dc7c889a2082ff4f410b,181819090129f362,1024,534,1.917603,landscape,71594,100.9127,243.0006,33.2976,2.3264,light_plain,0.0439545,10,22,68,948,534,0.789143,1,0,0,1024,534,94.0,plant_bbox_touches_border,4.159671,low,,,included_pending_human_audit,development,1,D:\kp\adaptive_keypoint_discovery_reboot\experiment\data_g0\crops\akd_0326.jpg,pilot60
akd_0396,D:\kp\kp_cc_uns_400\images\leaf3 (95).jpg,leaf3 (95).jpg,7da6feba02e23c2aaee9222f5a48c4e3f6a51481e21a0543871f2394a0bec93f,20310f3860c0c080,1024,713,1.436185,landscape,47873,75.3242,253.9724,10.7279,0.1627,light_plain,0.0426674,2,31,89,970,660,0.7343654,0,0,0,1024,713,100.0,,2.731622,low,,,included_pending_human_audit,development,1,D:\kp\adaptive_keypoint_discovery_reboot\experiment\data_g0\crops\akd_0396.jpg,pilot60
akd_0248,D:\kp\kp_cc_uns_400\images\Camera MV-XGC1207GC#A9FE3BF8-Snapshot-20250725-151026-881-13320424837995.jpg,Camera MV-XGC1207GC#A9FE3BF8-Snapshot-20250725-151026-881-13320424837995.jpg,0b26cfb5c504e45b47acfc9dd1998e10f755a25ecc09628a3de183d000970d06,fcfcae8e99bbf9f9,1024,768,1.333333,landscape,126662,29.1641,131.2547,14.5464,28.674,gray_plain,0.2683245,56,0,0,1024,768,1.0,1,0,0,1024,768,94.0,plant_bbox_touches_border,5.914972,medium,,,included_pending_human_audit,development,1,D:\kp\adaptive_keypoint_discovery_reboot\experiment\data_g0\crops\akd_0248.jpg,pilot60
akd_0102,D:\kp\kp_cc_uns_400\images\56.jpg,56.jpg,02c5508ddc0616073bbc9440e789b7b75babe3b269e92d7ac8a31487f9487aa5,fcfcfebe3d7979f9,1024,768,1.333333,landscape,125062,24.601,130.8021,13.8864,26.2446,gray_plain,0.2303581,101,0,0,1024,768,1.0,1,0,0,1024,768,94.0,plant_bbox_touches_border,6.496893,high,,,included_pending_human_audit,development,1,D:\kp\adaptive_keypoint_discovery_reboot\experiment\data_g0\crops\akd_0102.jpg,pilot60
akd_0384,D:\kp\kp_cc_uns_400\images\leaf3 (84).jpg,leaf3 (84).jpg,02c6506ba48e65e93cac4f854cae3c92bc98ca70ca314d2d25bb77a79ec233a0,407c13204040c000,1024,524,1.954198,landscape,30919,88.0255,255.0,0.0,0.0,light_plain,0.0559697,3,64,74,798,435,0.4938238,0,0,0,1018,524,100.0,,2.818696,low,,,included_pending_human_audit,development,1,D:\kp\adaptive_keypoint_discovery_reboot\experiment\data_g0\crops\akd_0384.jpg,pilot60
akd_0174,D:\kp\kp_cc_uns_400\images\Camera MV-XGC1207GC#A9FE3BF8-Snapshot-20250725-112957-778-13188133798730.jpg,Camera MV-XGC1207GC#A9FE3BF8-Snapshot-20250725-112957-778-13188133798730.jpg,cd83d38349a225ca70d029ae249ea626722968c0d3d60de2faf2e31a8b9ea5e4,fcfcfdffcddfdfbf,1024,768,1.333333,landscape,131617,25.6716,175.206,22.7918,9.766,gray_plain,0.4916611,43,0,0,1024,768,1.0,1,0,0,1024,768,94.0,plant_bbox_touches_border,5.65611,medium,,,included_pending_human_audit,development,1,D:\kp\adaptive_keypoint_discovery_reboot\experiment\data_g0\crops\akd_0174.jpg,pilot60
akd_0214,D:\kp\kp_cc_uns_400\images\Camera MV-XGC1207GC#A9FE3BF8-Snapshot-20250725-145508-818-13311244201352.jpg,Camera MV-XGC1207GC#A9FE3BF8-Snapshot-20250725-145508-818-13311244201352.jpg,2157bf48de4ca5f5fad966a7abf3ec0dba8bc54fcdef47981f4d64c835eddbb7,fcfcfc7e3ef1f9f9,1024,768,1.333333,landscape,120492,38.9208,128.4154,19.4713,24.7591,gray_plain,0.2771975,83,0,0,1024,768,1.0,1,0,0,1024,768,94.0,plant_bbox_touches_border,6.302737,high,,,included_pending_human_audit,development,1,D:\kp\adaptive_keypoint_discovery_reboot\experiment\data_g0\crops\akd_0214.jpg,pilot60
akd_0079,D:\kp\kp_cc_uns_400\images\45.jpg,45.jpg,41e0c430af38e3f9cfe95d5378711df87b4defe5e192a76ce9e301eef03ef57f,fcfcfe3e9bf9f9f9,1024,768,1.333333,landscape,124550,20.3941,134.5205,14.4209,25.3246,gray_plain,0.1800003,79,0,0,1024,768,1.0,1,0,0,1024,768,94.0,plant_bbox_touches_border,6.253947,high,,,included_pending_human_audit,development,1,D:\kp\adaptive_keypoint_discovery_reboot\experiment\data_g0\crops\akd_0079.jpg,pilot60
akd_0365,D:\kp\kp_cc_uns_400\images\leaf3 (63).jpg,leaf3 (63).jpg,1f94c1401141e362c684e967eaf5238a9a626019162294870847b229b29c4872,00c0406060715121,1024,381,2.687664,landscape,38774,115.8863,254.2387,7.9084,0.1338,light_plain,0.0880752,16,58,58,974,366,0.7231381,0,0,0,1024,381,100.0,,4.611057,medium,,,included_pending_human_audit,development,1,D:\kp\adaptive_keypoint_discovery_reboot\experiment\data_g0\crops\akd_0365.jpg,pilot60
akd_0060,D:\kp\kp_cc_uns_400\images\37-37.jpg,37-37.jpg,c5b0727a9807d7ac96ae6c6053cf84112f14a2cb4a03434edf871c9ec3292141,301e07070717070e,287,1024,0.280273,portrait,57399,249.2307,254.9118,0.835,0.0,light_plain,0.0653514,2,79,56,259,953,0.549393,0,25,0,287,1024,100.0,,2.750789,low,,,included_pending_human_audit,development,1,D:\kp\adaptive_keypoint_discovery_reboot\experiment\data_g0\crops\akd_0060.jpg,pilot60
akd_0203,D:\kp\kp_cc_uns_400\images\Camera MV-XGC1207GC#A9FE3BF8-Snapshot-20250725-145301-694-13309972967640.jpg,Camera MV-XGC1207GC#A9FE3BF8-Snapshot-20250725-145301-694-13309972967640.jpg,a2ed14db0405c7f0241b90deb11abd84494f3195dfb1b99825934742def2a381,fcfcbc8ebebbbbfb,1024,768,1.333333,landscape,123337,35.99,127.1857,17.7233,23.8079,gray_plain,0.2913831,65,0,0,1024,768,1.0,1,0,0,1024,768,94.0,plant_bbox_touches_border,6.061575,high,,,included_pending_human_audit,development,1,D:\kp\adaptive_keypoint_discovery_reboot\experiment\data_g0\crops\akd_0203.jpg,pilot60
akd_0282,D:\kp\kp_cc_uns_400\images\Camera MV-XGC1207GC#A9FE3BF8-Snapshot-20250725-151315-666-13322112685671.jpg,Camera MV-XGC1207GC#A9FE3BF8-Snapshot-20250725-151315-666-13322112685671.jpg,d262547ab8fe6a347876a5ed23644c08bb3a27b712d139e8a71a3631f0cadf26,bc7c7e7e3f9ff9f9,1024,768,1.333333,landscape,130963,35.6807,135.2351,14.6924,20.6013,gray_plain,0.2790909,45,0,0,1024,768,1.0,1,0,0,1024,768,94.0,plant_bbox_touches_border,5.700562,medium,,,included_pending_human_audit,development,1,D:\kp\adaptive_keypoint_discovery_reboot\experiment\data_g0\crops\akd_0282.jpg,pilot60
akd_0106,D:\kp\kp_cc_uns_400\images\6-6.jpg,6-6.jpg,2d76756ee4dc0876f2e6b7f4c09cf8d3fc78ef35c653a0ed753499da9a0cbfc2,42662c1b1f1e1c1e,340,1024,0.332031,portrait,45149,155.0997,254.454,5.2572,0.1578,light_plain,0.1057273,6,34,0,273,1016,0.6974494,1,0,0,340,1024,94.0,plant_bbox_touches_border,3.724784,low,,,included_pending_human_audit,development,1,D:\kp\adaptive_keypoint_discovery_reboot\experiment\data_g0\crops\akd_0106.jpg,pilot60
akd_0219,D:\kp\kp_cc_uns_400\images\Camera MV-XGC1207GC#A9FE3BF8-Snapshot-20250725-145529-466-13311450682422.jpg,Camera MV-XGC1207GC#A9FE3BF8-Snapshot-20250725-145529-466-13311450682422.jpg,255c217bfad51dd6aa860fbd530cb654689870cfc1469eb0b95722d9decb0dec,fcfcfebebbcbf9f9,1024,768,1.333333,landscape,115518,23.1182,132.3442,17.2433,24.1305,gray_plain,0.2079035,101,0,0,1024,768,1.0,1,0,0,1024,768,94.0,plant_bbox_touches_border,6.496893,high,,,included_pending_human_audit,development,1,D:\kp\adaptive_keypoint_discovery_reboot\experiment\data_g0\crops\akd_0219.jpg,pilot60
akd_0386,D:\kp\kp_cc_uns_400\images\leaf3 (86).jpg,leaf3 (86).jpg,123b74d3b443e899082e247864f926dd6f48d126445d203bd87fdf8a873dd31f,202111073040c080,1024,498,2.056225,landscape,31725,88.1471,255.0,0.0,0.0,light_plain,0.0384056,6,79,54,880,420,0.5748894,0,0,0,1024,498,100.0,,3.490914,low,,,included_pending_human_audit,development,1,D:\kp\adaptive_keypoint_discovery_reboot\experiment\data_g0\crops\akd_0386.jpg,pilot60
akd_0030,D:\kp\kp_cc_uns_400\images\22.jpg,22.jpg,2f502295d389aea02c47bc43a985799f949f35e1b00de9e49ff8c5cf2da56588,0000303536e47030,1024,768,1.333333,landscape,70417,125.0364,236.235,46.7604,3.4792,mixed,0.1186778,19,0,209,1024,715,0.6588542,1,0,58,1024,768,90.0,plant_bbox_touches_border;mixed_background,4.52871,medium,,,included_pending_human_audit,development,1,D:\kp\adaptive_keypoint_discovery_reboot\experiment\data_g0\crops\akd_0030.jpg,pilot60
akd_0266,D:\kp\kp_cc_uns_400\images\Camera MV-XGC1207GC#A9FE3BF8-Snapshot-20250725-151207-974-13321435761793.jpg,Camera MV-XGC1207GC#A9FE3BF8-Snapshot-20250725-151207-974-13321435761793.jpg,9e113327e609b0f94bf47a37b414c29206089bda6530a7c6efa97353fe9238a7,fcfc7ebe9ffbf9f9,1024,768,1.333333,landscape,125943,28.3405,135.1897,15.8613,27.6652,gray_plain,0.2365748,53,0,0,1024,768,1.0,1,0,0,1024,768,94.0,plant_bbox_touches_border,5.860905,medium,,,included_pending_human_audit,development,1,D:\kp\adaptive_keypoint_discovery_reboot\experiment\data_g0\crops\akd_0266.jpg,pilot60
akd_0099,D:\kp\kp_cc_uns_400\images\55-55.jpg,55-55.jpg,85b71d2f9cb81377907344a968183d9c2337da3188a609642492d84743018129,06561656766b331b,276,1024,0.269531,portrait,140186,7390.6314,243.2912,38.4809,0.9662,gray_plain,0.1084727,27,10,28,264,1018,0.8897334,0,0,0,276,1024,100.0,,5.357835,medium,,,included_pending_human_audit,development,1,D:\kp\adaptive_keypoint_discovery_reboot\experiment\data_g0\crops\akd_0099.jpg,pilot60
akd_0255,D:\kp\kp_cc_uns_400\images\Camera MV-XGC1207GC#A9FE3BF8-Snapshot-20250725-151114-579-13320901812979.jpg,Camera MV-XGC1207GC#A9FE3BF8-Snapshot-20250725-151114-579-13320901812979.jpg,341389551c3e3fe761357150d1f951da585cd7866cc39fc3b087d822d6728895,fcfcfcfebfcff9f9,1024,768,1.333333,landscape,122240,20.0403,133.4232,15.0763,29.6683,gray_plain,0.2516937,47,0,0,1024,768,1.0,1,0,0,1024,768,94.0,plant_bbox_touches_border,5.743121,medium,,,included_pending_human_audit,development,1,D:\kp\adaptive_keypoint_discovery_reboot\experiment\data_g0\crops\akd_0255.jpg,pilot60
akd_0155,D:\kp\kp_cc_uns_400\images\Camera MV-XGC1207GC#A9FE3BF8-Snapshot-20250725-112705-835-13186414370962.jpg,Camera MV-XGC1207GC#A9FE3BF8-Snapshot-20250725-112705-835-13186414370962.jpg,5ed2aaba2096f742b2b2822dc38df597ddf43f2cdfd4708a0a0e4a8d2f706d6f,fccedd8e74ffffff,1024,768,1.333333,landscape,137520,32.5726,176.5182,27.2522,10.9471,gray_plain,0.4931908,49,0,0,1024,768,1.0,1,0,0,1024,768,94.0,plant_bbox_touches_border,5.783943,medium,,,included_pending_human_audit,development,1,D:\kp\adaptive_keypoint_discovery_reboot\experiment\data_g0\crops\akd_0155.jpg,pilot60
akd_0291,D:\kp\kp_cc_uns_400\images\Camera MV-XGC1207GC#A9FE3BF8-Snapshot-20250725-151416-724-13322723265019.jpg,Camera MV-XGC1207GC#A9FE3BF8-Snapshot-20250725-151416-724-13322723265019.jpg,8cd7c392a4c71cc48963be92a9055f175d8f4c4e8cdeb9f4946be99e7167034c,fc7cbadb9fbb79f9,1024,768,1.333333,landscape,128733,38.9207,132.7474,16.9477,16.8937,gray_plain,0.2828204,59,0,0,1024,768,1.0,1,0,0,1024,768,94.0,plant_bbox_touches_border,5.966265,medium,,,included_pending_human_audit,development,1,D:\kp\adaptive_keypoint_discovery_reboot\experiment\data_g0\crops\akd_0291.jpg,pilot60
akd_0088,D:\kp\kp_cc_uns_400\images\5.jpg,5.jpg,c5c3d2d6f5af5eec898b535dda846b3e3fad09d01dd5da00d5e3b327aaeb1d4e,0000301d71f18180,1024,768,1.333333,landscape,58065,96.3684,239.6101,46.5699,3.4577,mixed,0.1086184,10,0,262,996,736,0.6003113,1,0,120,1024,768,90.0,plant_bbox_touches_border;mixed_background,3.864451,low,,,included_pending_human_audit,development,1,D:\kp\adaptive_keypoint_discovery_reboot\experiment\data_g0\crops\akd_0088.jpg,pilot60
akd_0098,D:\kp\kp_cc_uns_400\images\54.jpg,54.jpg,46e7a9c4b09eb4dd9d1d2dabac5800ca87e5d72bde850ab13fdd656cf1c5dd92,fcdc9e3e79f9f9f9,1024,768,1.333333,landscape,130402,30.992,133.3589,14.7348,25.3751,gray_plain,0.2253914,98,0,0,1024,768,1.0,1,0,0,1024,768,94.0,plant_bbox_touches_border,6.46704,high,,,included_pending_human_audit,development,1,D:\kp\adaptive_keypoint_discovery_reboot\experiment\data_g0\crops\akd_0098.jpg,pilot60
akd_0278,D:\kp\kp_cc_uns_400\images\Camera MV-XGC1207GC#A9FE3BF8-Snapshot-20250725-151255-642-13321912442578.jpg,Camera MV-XGC1207GC#A9FE3BF8-Snapshot-20250725-151255-642-13321912442578.jpg,b2bbef956f4faeb97fc784759c5e07b24bf9dc63558d909d2da1e4fe11fa3144,fcfc7c3ebf9bfbf9,1024,768,1.333333,landscape,118236,19.7377,131.5676,14.7957,24.1698,gray_plain,0.2191861,108,0,0,1024,768,1.0,1,0,0,1024,768,94.0,plant_bbox_touches_border,6.563268,high,,,included_pending_human_audit,development,1,D:\kp\adaptive_keypoint_discovery_reboot\experiment\data_g0\crops\akd_0278.jpg,pilot60
akd_0094,D:\kp\kp_cc_uns_400\images\52.jpg,52.jpg,0c72005aa493ad2ef942320508d932d4e533e8bf903507bdfe501ec6768e1b5c,fc7cfeee9eb9b9f9,1024,768,1.333333,landscape,123871,24.0357,130.4724,15.1615,25.3681,gray_plain,0.2374992,83,0,0,1024,768,1.0,1,0,0,1024,768,94.0,plant_bbox_touches_border,6.302737,high,,,included_pending_human_audit,development,1,D:\kp\adaptive_keypoint_discovery_reboot\experiment\data_g0\crops\akd_0094.jpg,pilot60
akd_0125,D:\kp\kp_cc_uns_400\images\75-75.jpg,75-75.jpg,003c7753088a7172e79bf967740951fcece8be2d4e2a02e8c331d4e5d89a011f,030911372d3115c9,288,1023,0.281525,portrait,169485,7233.9474,206.8981,68.8032,3.7504,mixed,0.1352334,60,4,8,272,1023,0.9232785,1,0,0,288,1023,90.0,plant_bbox_touches_border;mixed_background,6.15733,high,,,included_pending_human_audit,development,1,D:\kp\adaptive_keypoint_discovery_reboot\experiment\data_g0\crops\akd_0125.jpg,pilot60
akd_0119,D:\kp\kp_cc_uns_400\images\7.jpg,7.jpg,f17564cad22b67c1e7c81730424fdb42751d9deb2ead6ee4e2bd6d4c461c40ee,0000311937331818,1024,768,1.333333,landscape,60682,90.5115,255.0,0.0,0.0,light_plain,0.0537618,11,76,266,912,652,0.4103292,0,0,151,1024,767,100.0,,3.709852,low,,,included_pending_human_audit,development,1,D:\kp\adaptive_keypoint_discovery_reboot\experiment\data_g0\crops\akd_0119.jpg,pilot60
akd_0112,D:\kp\kp_cc_uns_400\images\64-64.jpg,64-64.jpg,31eb59655c98b9ce265ec73485b0a21d5beb6bc965ebba62c95da404e8ccb9e6,7f2b3f3b1511151f,326,1024,0.318359,portrait,201395,11059.4078,232.0942,52.3299,2.0795,mixed,0.1194102,44,22,132,322,1019,0.7971266,0,0,0,326,1024,96.0,mixed_background,5.699881,medium,,,included_pending_human_audit,development,1,D:\kp\adaptive_keypoint_discovery_reboot\experiment\data_g0\crops\akd_0112.jpg,pilot60
akd_0309,D:\kp\kp_cc_uns_400\images\leaf3 (102).jpg,leaf3 (102).jpg,44a551a260b37d1ff7f5521702f2500dedaf151aa27104df7aeda28c3216679f,603038190d6f6cc0,1024,477,2.146751,landscape,59851,105.0112,250.042,21.0415,0.9238,light_plain,0.0714897,15,79,33,934,385,0.6161557,0,0,0,1024,477,100.0,,4.376498,low,,,included_pending_human_audit,development,1,D:\kp\adaptive_keypoint_discovery_reboot\experiment\data_g0\crops\akd_0309.jpg,pilot60
akd_0160,D:\kp\kp_cc_uns_400\images\Camera MV-XGC1207GC#A9FE3BF8-Snapshot-20250725-112758-343-13186939449972.jpg,Camera MV-XGC1207GC#A9FE3BF8-Snapshot-20250725-112758-343-13186939449972.jpg,e7e6992260553e418b92c4ffabf4da3548ebced85216c382217d37bfab0a0510,fcfedddfcfd5ffff,1024,768,1.333333,landscape,138692,33.496,179.6215,21.5681,9.3428,gray_plain,0.5010592,51,0,0,1024,768,1.0,1,0,0,1024,768,79.0,foreground_mask_too_large;plant_bbox_touches_border,5.823164,medium,,,included_pending_human_audit,development,1,D:\kp\adaptive_keypoint_discovery_reboot\experiment\data_g0\crops\akd_0160.jpg,pilot60
akd_0186,D:\kp\kp_cc_uns_400\images\Camera MV-XGC1207GC#A9FE3BF8-Snapshot-20250725-113203-295-13189388971554.jpg,Camera MV-XGC1207GC#A9FE3BF8-Snapshot-20250725-113203-295-13189388971554.jpg,8c616511640545615f17c28c8f3a7efe7c30c190ce029b5a5af11c568a0f95ac,fcfcfdbf9ffbffbf,1024,768,1.333333,landscape,136889,29.5359,179.3623,28.2693,10.2097,gray_plain,0.5170771,44,0,0,1024,768,1.0,1,0,0,1024,768,79.0,foreground_mask_too_large;plant_bbox_touches_border,5.678583,medium,,,included_pending_human_audit,development,1,D:\kp\adaptive_keypoint_discovery_reboot\experiment\data_g0\crops\akd_0186.jpg,pilot60
akd_0031,D:\kp\kp_cc_uns_400\images\23-23.jpg,23-23.jpg,a393cb6db24081d92f77f37aaec2591f6dd3173020e116ed08a5894f58eaa78d,4713070507030203,764,1024,0.746094,portrait,155431,283.9986,253.6606,5.7404,0.323,light_plain,0.0423718,8,71,133,633,924,0.5682239,0,0,0,764,1024,100.0,,3.627302,low,,,included_pending_human_audit,development,1,D:\kp\adaptive_keypoint_discovery_reboot\experiment\data_g0\crops\akd_0031.jpg,pilot60
akd_0178,D:\kp\kp_cc_uns_400\images\Camera MV-XGC1207GC#A9FE3BF8-Snapshot-20250725-113047-519-13188631222347.jpg,Camera MV-XGC1207GC#A9FE3BF8-Snapshot-20250725-113047-519-13188631222347.jpg,f96daca0abb0fd3c90963269d5ad802a9073d10cc007b26e06b7f5d241a144bb,fcfcfc7f1fbbfdbf,1024,768,1.333333,landscape,137952,33.212,177.3867,27.9991,9.9289,gray_plain,0.5124474,43,0,0,1024,768,1.0,1,0,0,1024,768,79.0,foreground_mask_too_large;plant_bbox_touches_border,5.65611,medium,,,included_pending_human_audit,development,1,D:\kp\adaptive_keypoint_discovery_reboot\experiment\data_g0\crops\akd_0178.jpg,pilot60
akd_0067,D:\kp\kp_cc_uns_400\images\4.jpg,4.jpg,4fcbc3307a460ff2477abf6d89d78745bd08948827f1a8586f4a00bec6c573e4,0000e27a0c180000,1024,768,1.333333,landscape,49802,73.5391,243.2622,38.4407,3.0906,gray_plain,0.0626895,8,0,247,1024,500,0.3294271,1,0,143,1024,603,94.0,plant_bbox_touches_border,3.302268,low,,,included_pending_human_audit,development,1,D:\kp\adaptive_keypoint_discovery_reboot\experiment\data_g0\crops\akd_0067.jpg,pilot60
akd_0245,D:\kp\kp_cc_uns_400\images\Camera MV-XGC1207GC#A9FE3BF8-Snapshot-20250725-151005-176-13320207779799.jpg,Camera MV-XGC1207GC#A9FE3BF8-Snapshot-20250725-151005-176-13320207779799.jpg,b7fa962cb71f16fe053e8bcb0a933b4ef5a19b4371408ac570e0e1570c14838f,fcfcfebebf9fd9f9,1024,768,1.333333,landscape,120053,19.6588,129.1183,14.1917,27.6558,gray_plain,0.2277641,71,0,0,1024,768,1.0,1,0,0,1024,768,94.0,plant_bbox_touches_border,6.148587,high,,,included_pending_human_audit,development,1,D:\kp\adaptive_keypoint_discovery_reboot\experiment\data_g0\crops\akd_0245.jpg,pilot60
akd_0117,D:\kp\kp_cc_uns_400\images\69-69.jpg,69-69.jpg,86eef4c481b98f7306a6a841cd43e3e642d64badc00c3addbaf7b17de9bc5b20,0353632569134907,319,1024,0.311523,portrait,191335,8353.8812,229.3362,55.8216,1.9864,mixed,0.0962297,80,12,16,310,1020,0.9159238,0,0,0,319,1024,96.0,mixed_background,6.40869,high,,,included_pending_human_audit,development,1,D:\kp\adaptive_keypoint_discovery_reboot\experiment\data_g0\crops\akd_0117.jpg,pilot60
akd_0216,D:\kp\kp_cc_uns_400\images\Camera MV-XGC1207GC#A9FE3BF8-Snapshot-20250725-145517-804-13311334062858.jpg,Camera MV-XGC1207GC#A9FE3BF8-Snapshot-20250725-145517-804-13311334062858.jpg,08ffca5069fd64bf5a3fd3f1870115395cd8eefadf62d6b48e2b934e62209b67,fcfcfcbe7adbf9f9,1024,768,1.333333,landscape,119212,40.3124,128.9189,19.2183,25.0606,gray_plain,0.2432251,91,0,0,1024,768,1.0,1,0,0,1024,768,94.0,plant_bbox_touches_border,6.393709,high,,,included_pending_human_audit,development,1,D:\kp\adaptive_keypoint_discovery_reboot\experiment\data_g0\crops\akd_0216.jpg,pilot60
akd_0355,D:\kp\kp_cc_uns_400\images\leaf3 (54).jpg,leaf3 (54).jpg,37eef4384a8e281979db810a274a704f37694e4a9f4cb7445563bcaa574ea411,00808040601e3104,1024,471,2.174098,landscape,24148,215.1059,255.0,0.0,0.0,light_plain,0.030939,5,52,84,955,424,0.6365695,0,0,0,1024,471,100.0,,3.422048,low,,,included_pending_human_audit,development,1,D:\kp\adaptive_keypoint_discovery_reboot\experiment\data_g0\crops\akd_0355.jpg,pilot60
akd_0327,D:\kp\kp_cc_uns_400\images\leaf3 (119).jpg,leaf3 (119).jpg,60dcba1b0b38d393950de36ed6002cf118b1e04c15f0aa801abe13aba64d0962,001e376d0c080800,1024,237,4.320675,landscape,19957,129.0467,255.0,0.0,0.0,light_plain,0.0708028,2,90,43,916,189,0.4969179,0,0,0,1024,232,100.0,,2.733328,low,,,included_pending_human_audit,development,1,D:\kp\adaptive_keypoint_discovery_reboot\experiment\data_g0\crops\akd_0327.jpg,pilot60
akd_0235,D:\kp\kp_cc_uns_400\images\Camera MV-XGC1207GC#A9FE3BF8-Snapshot-20250725-150054-432-13314700344036.jpg,Camera MV-XGC1207GC#A9FE3BF8-Snapshot-20250725-150054-432-13314700344036.jpg,0aafcb482c0b5083cd654bcadcf3506f513e94a5da28f873fd2cd4cc2ca5cc4f,fcfe7ebebd97fdf9,1024,768,1.333333,landscape,127856,26.9091,157.574,19.0716,22.2712,gray_plain,0.1301295,84,0,0,1024,768,1.0,1,0,0,1024,768,94.0,plant_bbox_touches_border,6.314572,high,,,included_pending_human_audit,development,1,D:\kp\adaptive_keypoint_discovery_reboot\experiment\data_g0\crops\akd_0235.jpg,pilot60
akd_0259,D:\kp\kp_cc_uns_400\images\Camera MV-XGC1207GC#A9FE3BF8-Snapshot-20250725-151133-024-13321086259062.jpg,Camera MV-XGC1207GC#A9FE3BF8-Snapshot-20250725-151133-024-13321086259062.jpg,525d859adf45edc0cbf7fe42822f01918837227511c20f5fdf2636969ad3e338,fcfcfc9e3dfbf9f9,1024,768,1.333333,landscape,125103,25.6774,132.2636,15.6545,29.0875,gray_plain,0.2591769,63,0,0,1024,768,1.0,1,0,0,1024,768,94.0,plant_bbox_touches_border,6.030804,high,,,included_pending_human_audit,development,1,D:\kp\adaptive_keypoint_discovery_reboot\experiment\data_g0\crops\akd_0259.jpg,pilot60
akd_0337,D:\kp\kp_cc_uns_400\images\leaf3 (19).jpg,leaf3 (19).jpg,96507f3f8f7424afbd278547272bcaedabda6d3d59ff07831419e696e9c4c2a1,00c82a1363c00000,1023,389,2.62982,landscape,23146,232.5613,255.0,0.0,0.0,light_plain,0.0435259,5,50,49,809,284,0.448213,0,0,0,1023,354,100.0,,3.238565,low,,,included_pending_human_audit,development,1,D:\kp\adaptive_keypoint_discovery_reboot\experiment\data_g0\crops\akd_0337.jpg,pilot60
akd_0374,D:\kp\kp_cc_uns_400\images\leaf3 (75).jpg,leaf3 (75).jpg,aee61975eac79aa791df704019b6cbc23d58f549cace88a62a463753e8a134b2,1e485807e3c0c080,1024,419,2.443914,landscape,28814,142.8968,250.0716,20.4216,0.4999,light_plain,0.0396498,5,48,114,839,369,0.4701135,0,0,38,1024,419,100.0,,3.249327,low,,,included_pending_human_audit,development,1,D:\kp\adaptive_keypoint_discovery_reboot\experiment\data_g0\crops\akd_0374.jpg,pilot60
akd_0399,D:\kp\kp_cc_uns_400\images\leaf3 (98).jpg,leaf3 (98).jpg,2f76a37283dd604476b57d271044d1e5bd8bd7189624d51bcafae9cf8a1f2aa1,20301c1f77c00000,1024,299,3.424749,landscape,24221,100.6214,254.9872,0.7877,0.0057,light_plain,0.0842293,3,61,21,839,196,0.4446789,0,0,0,1024,248,100.0,,2.894368,low,,,included_pending_human_audit,development,1,D:\kp\adaptive_keypoint_discovery_reboot\experiment\data_g0\crops\akd_0399.jpg,pilot60
akd_0304,D:\kp\kp_cc_uns_400\images\Camera MV-XGC1207GC#A9FE3BF8-Snapshot-20250725-151557-357-13323729596564.jpg,Camera MV-XGC1207GC#A9FE3BF8-Snapshot-20250725-151557-357-13323729596564.jpg,404feea793f5a7444590d1214cb0691db2047af6efb0ec07c105d61401eed1a2,fcfc3e9ebfb9b9f9,1024,768,1.333333,landscape,120818,19.9691,129.9307,13.6805,15.0839,gray_plain,0.3289299,72,0,0,1024,768,1.0,1,0,0,1024,768,94.0,plant_bbox_touches_border,6.16238,high,,,included_pending_human_audit,development,1,D:\kp\adaptive_keypoint_discovery_reboot\experiment\data_g0\crops\akd_0304.jpg,pilot60
akd_0037,D:\kp\kp_cc_uns_400\images\26.jpg,26.jpg,4ae5d2570182d42abc0749d3a48fe4ca3f1249f755dffecc16064f6108507281,fcecde9e8ed9f9f9,1024,768,1.333333,landscape,125227,31.1519,132.8434,15.3195,25.1054,gray_plain,0.2152214,101,0,0,1024,768,1.0,1,0,0,1024,768,94.0,plant_bbox_touches_border,6.496893,high,,,included_pending_human_audit,development,1,D:\kp\adaptive_keypoint_discovery_reboot\experiment\data_g0\crops\akd_0037.jpg,pilot60
akd_0172,D:\kp\kp_cc_uns_400\images\Camera MV-XGC1207GC#A9FE3BF8-Snapshot-20250725-112946-280-13188018823782.jpg,Camera MV-XGC1207GC#A9FE3BF8-Snapshot-20250725-112946-280-13188018823782.jpg,be7bfd5d369d0b383db509f7e9250746c57fff55d3bfa00333aa9d6fa71057ca,fcfcfdfccd7fffbf,1024,768,1.333333,landscape,132823,24.0993,176.2537,22.9267,10.0487,gray_plain,0.4907379,53,0,0,1024,768,1.0,1,0,0,1024,768,94.0,plant_bbox_touches_border,5.860905,medium,,,included_pending_human_audit,development,1,D:\kp\adaptive_keypoint_discovery_reboot\experiment\data_g0\crops\akd_0172.jpg,pilot60
akd_0302,D:\kp\kp_cc_uns_400\images\Camera MV-XGC1207GC#A9FE3BF8-Snapshot-20250725-151544-843-13323604447692.jpg,Camera MV-XGC1207GC#A9FE3BF8-Snapshot-20250725-151544-843-13323604447692.jpg,dd675eccdf2a0a66919bf9aeafc18e74af2b1e5cc50f205ee3c53239e79174c2,fc7cce8ecbe9f9f9,1024,768,1.333333,landscape,126526,29.9448,134.766,14.3186,14.8397,gray_plain,0.3035037,73,0,0,1024,768,1.0,1,0,0,1024,768,94.0,plant_bbox_touches_border,6.175986,high,,,included_pending_human_audit,development,1,D:\kp\adaptive_keypoint_discovery_reboot\experiment\data_g0\crops\akd_0302.jpg,pilot60
akd_0156,D:\kp\kp_cc_uns_400\images\Camera MV-XGC1207GC#A9FE3BF8-Snapshot-20250725-112719-588-13186551908649.jpg,Camera MV-XGC1207GC#A9FE3BF8-Snapshot-20250725-112719-588-13186551908649.jpg,25f9a572e02a1bf7cef70711460cfb2f40622aaba2ae6c35214da7da4601fab7,fcfe9d9fb7acffff,1024,768,1.333333,landscape,143068,41.4734,180.0983,22.2395,10.0513,gray_plain,0.5075137,42,0,0,1024,768,1.0,1,0,0,1024,768,79.0,foreground_mask_too_large;plant_bbox_touches_border,5.633121,medium,,,included_pending_human_audit,development,1,D:\kp\adaptive_keypoint_discovery_reboot\experiment\data_g0\crops\akd_0156.jpg,pilot60
akd_0052,D:\kp\kp_cc_uns_400\images\33-33.jpg,33-33.jpg,ee47adedb8573aa70dcedc73e78a3e158aab76947e9fba29d868416bb7b82390,7d030e1c1c1c1c0c,449,1024,0.438477,portrait,60010,60.8712,251.4344,9.6047,2.0958,light_plain,0.5657603,1,0,0,446,1024,0.9933185,1,0,0,449,1024,79.0,foreground_mask_too_large;plant_bbox_touches_border,2.693236,low,,,included_pending_human_audit,development,1,D:\kp\adaptive_keypoint_discovery_reboot\experiment\data_g0\crops\akd_0052.jpg,pilot60
akd_0238,D:\kp\kp_cc_uns_400\images\Camera MV-XGC1207GC#A9FE3BF8-Snapshot-20250725-150940-660-13319962631017.jpg,Camera MV-XGC1207GC#A9FE3BF8-Snapshot-20250725-150940-660-13319962631017.jpg,035113fa4f8ae3f3cb9df61ee5c9fb743028c3a8b6aabaa0b5c636ef0ddf9853,fcfcfebe1dddfddf,1024,768,1.333333,landscape,106172,14.0225,116.6572,20.9104,23.2249,gray_plain,0.4348132,58,0,0,1024,768,1.0,1,0,0,1024,768,82.0,possible_blur;plant_bbox_touches_border,5.949458,medium,,,included_pending_human_audit,development,1,D:\kp\adaptive_keypoint_discovery_reboot\experiment\data_g0\crops\akd_0238.jpg,pilot60
akd_0007,D:\kp\kp_cc_uns_400\images\12-12.jpg,12-12.jpg,91375d07e701b276d63b2d1d36aa5ed309453a09cc6db2b42974f45c4b7aa938,201353119716366e,657,1023,0.642229,portrait,157008,350.6233,253.6046,6.0456,0.365,light_plain,0.0660382,12,87,131,624,914,0.6255976,0,0,0,657,1023,100.0,,4.099357,low,,,included_pending_human_audit,development,1,D:\kp\adaptive_keypoint_discovery_reboot\experiment\data_g0\crops\akd_0007.jpg,pilot60
akd_0035,D:\kp\kp_cc_uns_400\images\25.jpg,25.jpg,15e3c1cb3b6d4ad508f28a13c1c6d5aee5debf95e17f0f337823037f5f7f7fc6,00080c0d3d604000,1024,768,1.333333,landscape,61286,88.7183,244.6485,32.1573,2.1022,light_plain,0.0715192,27,69,229,1024,663,0.5270259,1,0,99,1024,768,94.0,plant_bbox_touches_border,4.710863,medium,,,included_pending_human_audit,development,1,D:\kp\adaptive_keypoint_discovery_reboot\experiment\data_g0\crops\akd_0035.jpg,pilot60
akd_0077,D:\kp\kp_cc_uns_400\images\44.jpg,44.jpg,86110d96942c20c65878c263b27048c10e680fe51e4501783d187703ee73329e,fcfc7efefdcdb9f9,1024,768,1.333333,landscape,121341,18.8719,131.8759,14.3007,25.4149,gray_plain,0.2044373,113,0,0,1024,768,1.0,1,0,0,1024,768,94.0,plant_bbox_touches_border,6.608119,high,,,included_pending_human_audit,development,1,D:\kp\adaptive_keypoint_discovery_reboot\experiment\data_g0\crops\akd_0077.jpg,pilot60
akd_0122,D:\kp\kp_cc_uns_400\images\72-72.jpg,72-72.jpg,45cc9bae7949ddfde254b50b283c992157823683129a80e51cafc1eb83fa5dbe,7f6d6d2313694f1f,376,1024,0.367188,portrait,237791,11065.7295,222.577,60.5593,3.0416,mixed,0.1220677,49,32,58,372,1024,0.8530377,1,0,0,376,1024,90.0,plant_bbox_touches_border;mixed_background,5.824974,medium,,,included_pending_human_audit,development,1,D:\kp\adaptive_keypoint_discovery_reboot\experiment\data_g0\crops\akd_0122.jpg,pilot60
akd_0038,D:\kp\kp_cc_uns_400\images\27-27.jpg,27-27.jpg,bfbd560629f19098365a39df47fb8f7db195e1a377c2bfbd474ff2767159e283,cfa3455151190b1e,398,1024,0.388672,portrait,115297,279.332,252.4799,8.0751,0.587,light_plain,0.0521357,38,35,25,398,823,0.7107657,1,0,0,398,1024,94.0,plant_bbox_touches_border,5.417341,medium,,,included_pending_human_audit,development,1,D:\kp\adaptive_keypoint_discovery_reboot\experiment\data_g0\crops\akd_0038.jpg,pilot60
akd_0196,D:\kp\kp_cc_uns_400\images\Camera MV-XGC1207GC#A9FE3BF8-Snapshot-20250725-145154-242-13309298440175.jpg,Camera MV-XGC1207GC#A9FE3BF8-Snapshot-20250725-145154-242-13309298440175.jpg,030367e1eddaef4ae17c2b41115d2038424d8f774adda10e8aadf94fcdd63432,fc7cfebe1ff3f9f9,1024,768,1.333333,landscape,123959,26.6349,132.9881,17.2591,23.3892,gray_plain,0.2665151,63,0,0,1024,768,1.0,1,0,0,1024,768,94.0,plant_bbox_touches_border,6.030804,high,,,included_pending_human_audit,development,1,D:\kp\adaptive_keypoint_discovery_reboot\experiment\data_g0\crops\akd_0196.jpg,pilot60
akd_0339,D:\kp\kp_cc_uns_400\images\leaf3 (20).jpg,leaf3 (20).jpg,d4e51d1c022d9e347826f85002603eb645dd96e603a70268af17bbacc96b7b1a,183030180f0c0c04,224,1024,0.21875,portrait,17665,275.2217,254.9541,2.3566,0.0146,light_plain,0.0679278,2,48,21,216,911,0.6518555,0,0,0,224,1024,100.0,,2.931845,low,,,included_pending_human_audit,development,1,D:\kp\adaptive_keypoint_discovery_reboot\experiment\data_g0\crops\akd_0339.jpg,pilot60
