dataset_id,source_path,source_name,identity_group,stage_label,stage_label_source,stage_label_confidence,quality_tier,background_operation,original_blur,output_blur,output_background_class,output_white_fraction,output_border_white_fraction,output_green_fraction,foreground_fraction_from_normalizer,structural_complexity_score,complexity_bin,source_sha256,output_dhash64,output_path,keypoint_labels_used,manual_keep,manual_stage_confirm,manual_note,output_sha256,split,relative_path,data_role,training_eligible,primary_evaluation_eligible,visual_review_status,visual_review_actor,user_stage_confirmation_pending,component_cleanup,components_before_cleanup,second_to_first_area_ratio_before_cleanup,output_dhash64_full_canvas,output_dhash64_foreground_crop
stagev3_0031,D:\kp\数据集图片\images\leaf3 (121).jpg,leaf3 (121).jpg,images400::leaf3 (121),gt2,filename_leaf3,name_proxy_needs_confirmation,A_native_white_standardized,shoot_only_standardization_native_white,305.3121228448276,305.3121228448276,white_removed_candidate,0.951629849137931,1.0,0.0346309267241379,0.0454539331896551,1.92405,low,1eb8d7731ec3684434dcea206d0877b6d2a48653e2f0124f77cdfa320447bb74,008040684e000000,D:\kp\adaptive_keypoint_discovery_reboot\experiment\data_stage_clean_v3\images\auxiliary\stagev3_0031.png,0,,,,732c6a10bab558b4305c5e91adb92583876f78d168904a6876aa4efbdb8835fd,auxiliary,images\auxiliary\stagev3_0031.png,auxiliary_unverified_stage,1,0,pass_contact_sheet_shoot_integrity_and_background,codex_contact_sheet_review_2026-07-17,1,largest_connected_shoot_component,2,0.025317358436742262,008040684e000000,80c04060324a0301
stagev3_0032,D:\kp\数据集图片\images\leaf3 (16).jpg,leaf3 (16).jpg,images400::leaf3 (16),gt2,filename_leaf3,name_proxy_needs_confirmation,A_native_white_standardized,shoot_only_standardization_native_white,426.760370818662,426.760370818662,white_removed_candidate,0.9626430457746479,1.0,0.026064590669014,0.0337085992517605,2.000233,low,a2ebb846c7fa02da0ef51482aac8554a59655168df5469745985670ab9aa3379,000000150f306000,D:\kp\adaptive_keypoint_discovery_reboot\experiment\data_stage_clean_v3\images\auxiliary\stagev3_0032.png,0,,,,e62db052b16f4b2bd589c3873b6b3ce26af479c2c33df73a44ea5d6b8c5df015,auxiliary,images\auxiliary\stagev3_0032.png,auxiliary_unverified_stage,1,0,pass_contact_sheet_shoot_integrity_and_background,codex_contact_sheet_review_2026-07-17,1,largest_connected_shoot_component,1,0.0,000000150f306000,06190e08103060c0
stagev3_0033,D:\kp\数据集图片\images\leaf3 (17).jpg,leaf3 (17).jpg,images400::leaf3 (17),gt2,filename_leaf3,name_proxy_needs_confirmation,A_native_white_standardized,shoot_only_standardization_native_white,400.83502435064935,400.83502435064935,white_removed_candidate,0.9638798701298701,1.0,0.0274325284090909,0.0333939841205211,2.145206,low,9722a71d2c1117c4bd7e67953e8bb8376c412404e5575ca83b8c40804b47814a,00c0612718300000,D:\kp\adaptive_keypoint_discovery_reboot\experiment\data_stage_clean_v3\images\auxiliary\stagev3_0033.png,0,,,,14d28a5a0b6be57538f3397921a4c4a0fd66b7c175f121a3efe8c05ca14c6499,auxiliary,images\auxiliary\stagev3_0033.png,auxiliary_unverified_stage,1,0,pass_contact_sheet_shoot_integrity_and_background,codex_contact_sheet_review_2026-07-17,1,largest_connected_shoot_component,1,0.0,00c0612718300000,8040201306181020
stagev3_0034,D:\kp\数据集图片\images\leaf3 (15).jpg,leaf3 (15).jpg,images400::leaf3 (15),gt2,filename_leaf3,name_proxy_needs_confirmation,A_native_white_standardized,shoot_only_standardization_native_white,421.1696428571428,421.1696428571428,white_removed_candidate,0.9495675223214286,1.0,0.0405796595982142,0.047332763671875,2.198405,low,67b1dadb93f1c8e710bc95968e7f33c9ec5dbc4ba50d5c78462f752e80f7c07c,0c040c0818103000,D:\kp\adaptive_keypoint_discovery_reboot\experiment\data_stage_clean_v3\images\auxiliary\stagev3_0034.png,0,,,,00f44c7e54d7f30c76c3ee1c6ed45b175d826fdb3fcc8cd5f72e9d1166dfc7e9,auxiliary,images\auxiliary\stagev3_0034.png,auxiliary_unverified_stage,1,0,pass_contact_sheet_shoot_integrity_and_background,codex_contact_sheet_review_2026-07-17,1,largest_connected_shoot_component,1,0.0,0c040c0818103000,0100010b06241810
stagev3_0035,D:\kp\数据集图片\images\leaf3 (49).jpg,leaf3 (49).jpg,images400::leaf3 (49),gt2,filename_leaf3,name_proxy_needs_confirmation,A_native_white_standardized,shoot_only_standardization_native_white,421.6472800925926,421.6472800925926,white_removed_candidate,0.9728319279100529,1.0,0.0151909722222222,0.0240965724836692,2.212774,low,4096b98b89968b0cb18f696f418eaa451723064588c9493779c7be4c8c2cf504,00301e6240808000,D:\kp\adaptive_keypoint_discovery_reboot\experiment\data_stage_clean_v3\images\auxiliary\stagev3_0035.png,0,,,,90bf9452e68ba5fa8c17a1a6c79507f5a699355730cdba346e5dd443bfc07507,auxiliary,images\auxiliary\stagev3_0035.png,auxiliary_unverified_stage,1,0,pass_contact_sheet_shoot_integrity_and_background,codex_contact_sheet_review_2026-07-17,1,largest_connected_shoot_component,1,0.0,00301e6240808000,180f316040c08080
stagev3_0036,D:\kp\数据集图片\images\leaf3 (93).jpg,leaf3 (93).jpg,images400::leaf3 (93),gt2,filename_leaf3,name_proxy_needs_confirmation,A_native_white_standardized,shoot_only_standardization_native_white,185.2812630208333,185.2812630208333,white_removed_candidate,0.9649934895833333,1.0,0.0145182291666666,0.0296620669866444,2.230677,low,cee0f317d064727c87ae21f89ce1f1f672f559700c874999f4bdd9d9248374d2,0080c04b182040c0,D:\kp\adaptive_keypoint_discovery_reboot\experiment\data_stage_clean_v3\images\auxiliary\stagev3_0036.png,0,,,,3b4485dbdecfd0909f1dc6903e6cdeca5eb88246d9ae5782f3a4d49fb2065414,auxiliary,images\auxiliary\stagev3_0036.png,auxiliary_unverified_stage,1,0,pass_contact_sheet_shoot_integrity_and_background,codex_contact_sheet_review_2026-07-17,1,largest_connected_shoot_component,1,0.0,0080c04b182040c0,8080410d182040c0
stagev3_0037,D:\kp\数据集图片\images\leaf3 (14).jpg,leaf3 (14).jpg,images400::leaf3 (14),gt2,filename_leaf3,name_proxy_needs_confirmation,A_native_white_standardized,shoot_only_standardization_native_white,438.7570899566474,438.7570899566474,white_removed_candidate,0.9630261018786127,1.0,0.0269373193641618,0.0338268831286127,2.255828,low,9bd9a758d170e914b40ce89c9735f1ba25e54c5580bd08b8f6341c8fe9dbee4f,0020271920408000,D:\kp\adaptive_keypoint_discovery_reboot\experiment\data_stage_clean_v3\images\auxiliary\stagev3_0037.png,0,,,,6b8ab41c182608f1926d4c7da4cf5579c92af97b552c6e6ca0d43ecf54c971e5,auxiliary,images\auxiliary\stagev3_0037.png,auxiliary_unverified_stage,1,0,pass_contact_sheet_shoot_integrity_and_background,codex_contact_sheet_review_2026-07-17,1,largest_connected_shoot_component,1,0.0,0020271920408000,3407181020604080
stagev3_0038,D:\kp\数据集图片\images\leaf3 (97).jpg,leaf3 (97).jpg,images400::leaf3 (97),gt2,filename_leaf3,name_proxy_needs_confirmation,A_native_white_standardized,shoot_only_standardization_native_white,186.7309525516055,186.7309525516055,white_removed_candidate,0.9626576834862385,1.0,0.0153741399082568,0.0310775336869266,2.319023,low,a29ecd79aff6ad887315fc48615ec17cad4eb674e78f9bac05fe15f128ec3a4d,0030031d60408080,D:\kp\adaptive_keypoint_discovery_reboot\experiment\data_stage_clean_v3\images\auxiliary\stagev3_0038.png,0,,,,121d853fc3e723fbec85acacf37c224594c61bbc94e00311ee2ce88fb2629282,auxiliary,images\auxiliary\stagev3_0038.png,auxiliary_unverified_stage,1,0,pass_contact_sheet_shoot_integrity_and_background,codex_contact_sheet_review_2026-07-17,1,largest_connected_shoot_component,1,0.0,0030031d60408080,10080d302040c080
stagev3_0039,D:\kp\数据集图片\images\leaf3 (18).jpg,leaf3 (18).jpg,images400::leaf3 (18),gt2,filename_leaf3,name_proxy_needs_confirmation,A_native_white_standardized,shoot_only_standardization_native_white,686.8717655254777,686.8717655254777,white_removed_candidate,0.9448024482484076,1.0,0.0430682722929936,0.0504391421178343,2.396027,low,6c1f33788a617c46aff45addf4749db034a01981e977d56e7ef1d2c6b76abe4c,402030100c234100,D:\kp\adaptive_keypoint_discovery_reboot\experiment\data_stage_clean_v3\images\auxiliary\stagev3_0039.png,0,,,,89b98c91878e4c83f419241b6c29d205dbb24d200dd1351a03f1139d43a18aea,auxiliary,images\auxiliary\stagev3_0039.png,auxiliary_unverified_stage,1,0,pass_contact_sheet_shoot_integrity_and_background,codex_contact_sheet_review_2026-07-17,1,largest_connected_shoot_component,1,0.0,402030100c234100,60a0101806332040
stagev3_0040,D:\kp\数据集图片\images\13.jpg,13.jpg,images400::13,unknown,not_assigned,unknown,A_native_white_standardized,shoot_only_standardization_native_white,140.90681966145834,140.90681966145834,white_removed_candidate,0.9772389729817709,1.0,0.0146433512369791,0.0236066182454427,2.397327,low,90abd10b61418ecab1c1ebbb0ab380a2566cba06d26dbfa767c6e9f6086b0728,000000001a111000,D:\kp\adaptive_keypoint_discovery_reboot\experiment\data_stage_clean_v3\images\auxiliary\stagev3_0040.png,0,,,,622c97ec5666e7302c21e70d03f8930f2c7ba52316229fb4d35e596c74ba3adc,auxiliary,images\auxiliary\stagev3_0040.png,auxiliary_unverified_stage,1,0,pass_contact_sheet_shoot_integrity_and_background,codex_contact_sheet_review_2026-07-17,1,largest_connected_shoot_component,3,0.18837686779970345,000000001a111000,760d392020303020
stagev3_0041,D:\kp\数据集图片\images\leaf3 (70).jpg,leaf3 (70).jpg,images400::leaf3 (70),gt2,filename_leaf3,name_proxy_needs_confirmation,A_native_white_standardized,shoot_only_standardization_native_white,291.62334045856005,291.62334045856005,white_removed_candidate,0.9228579452614379,1.0,0.0416283700980392,0.0681384477459016,2.416642,low,3090603f563a15ae2d68933c8b46482cfb7ba6bef498f67e93247f4a0aaa9d63,00601313302060c0,D:\kp\adaptive_keypoint_discovery_reboot\experiment\data_stage_clean_v3\images\auxiliary\stagev3_0041.png,0,,,,ba82a8eee13648ecd8746102552903197bef04c1982307b8bfc62b2ea2b018fd,auxiliary,images\auxiliary\stagev3_0041.png,auxiliary_unverified_stage,1,0,pass_contact_sheet_shoot_integrity_and_background,codex_contact_sheet_review_2026-07-17,1,largest_connected_shoot_component,1,0.0,00601313302060c0,40380919103060c0
stagev3_0042,D:\kp\数据集图片\images\leaf3 (52).jpg,leaf3 (52).jpg,images400::leaf3 (52),gt2,filename_leaf3,name_proxy_needs_confirmation,A_native_white_standardized,shoot_only_standardization_native_white,433.6105788128931,433.6105788128931,white_removed_candidate,0.9740688875786163,1.0,0.0151950668238993,0.0226888483127071,2.510151,low,ab6501f421bebb4c82459b68390471eab52a5be931ec18a9c7fd7757aebe862e,0020184642808000,D:\kp\adaptive_keypoint_discovery_reboot\experiment\data_stage_clean_v3\images\auxiliary\stagev3_0042.png,0,,,,25fcd7fdaed062d555e4745fbe80261c7df1b76779d67d05ce9edcd3d5f8fdbe,auxiliary,images\auxiliary\stagev3_0042.png,auxiliary_unverified_stage,1,0,pass_contact_sheet_shoot_integrity_and_background,codex_contact_sheet_review_2026-07-17,1,largest_connected_shoot_component,1,0.0,0020184642808000,141c2341c0808080
stagev3_0043,D:\kp\数据集图片\images\leaf3 (2).jpg,leaf3 (2).jpg,images400::leaf3 (2),gt2,filename_leaf3,name_proxy_needs_confirmation,A_native_white_standardized,shoot_only_standardization_native_white,550.2194234913793,550.2194234913793,white_removed_candidate,0.9593042834051724,1.0,0.0271080280172413,0.036044034090909,2.551688,low,6a6a260bcb6bbd25d2b91c2dcde7cea738de1f9c5c33f6ff6c08d610f27028bf,000c244380000000,D:\kp\adaptive_keypoint_discovery_reboot\experiment\data_stage_clean_v3\images\auxiliary\stagev3_0043.png,0,,,,3c54971852c2daf6955041ccb82618bc77dadb0a16b90710ff2aa819a44c0739,auxiliary,images\auxiliary\stagev3_0043.png,auxiliary_unverified_stage,1,0,pass_contact_sheet_shoot_integrity_and_background,codex_contact_sheet_review_2026-07-17,1,largest_connected_shoot_component,1,0.0,000c244380000000,080e0e226340c080
stagev3_0044,D:\kp\数据集图片\images\leaf3 (48).jpg,leaf3 (48).jpg,images400::leaf3 (48),gt2,filename_leaf3,name_proxy_needs_confirmation,A_native_white_standardized,shoot_only_standardization_native_white,518.6750801282051,518.6750801282051,white_removed_candidate,0.9651442307692307,1.0,0.0218649839743589,0.0311122796474358,2.616555,low,244a6650326515f760fb54af4a5dc7c65aec95292e240811dafe2c7a2ad95233,008040201c468000,D:\kp\adaptive_keypoint_discovery_reboot\experiment\data_stage_clean_v3\images\auxiliary\stagev3_0044.png,0,,,,096ce8ee0a77f262104daebd09e6bdceafa543ffe01b4610f2585d7f2eca07dc,auxiliary,images\auxiliary\stagev3_0044.png,auxiliary_unverified_stage,1,0,pass_contact_sheet_shoot_integrity_and_background,codex_contact_sheet_review_2026-07-17,1,largest_connected_shoot_component,1,0.0,008040201c468000,804020100a3140c0
stagev3_0046,D:\kp\数据集图片\images\leaf3 (55).jpg,leaf3 (55).jpg,images400::leaf3 (55),gt2,filename_leaf3,name_proxy_needs_confirmation,A_native_white_standardized,shoot_only_standardization_native_white,433.5094769021739,433.5094769021739,white_removed_candidate,0.9681470788043478,1.0,0.0204993206521739,0.0281207540760869,2.726273,low,eaf25b66af347675a23f8469f5e71686a67c92344a1f5be9145db28fae9a206e,00331c2040408000,D:\kp\adaptive_keypoint_discovery_reboot\experiment\data_stage_clean_v3\images\auxiliary\stagev3_0046.png,0,,,,d0b9f305d6a415b9e7595101318da1f8a5f3ee0dab6ae2f7c5a490507faa97dc,auxiliary,images\auxiliary\stagev3_0046.png,auxiliary_unverified_stage,1,0,pass_contact_sheet_shoot_integrity_and_background,codex_contact_sheet_review_2026-07-17,1,largest_connected_shoot_component,1,0.0,00331c2040408000,6411102040408080
stagev3_0047,D:\kp\数据集图片\images\leaf3 (95).jpg,leaf3 (95).jpg,images400::leaf3 (95),gt2,filename_leaf3,name_proxy_needs_confirmation,A_native_white_standardized,shoot_only_standardization_native_white,159.04038646660794,159.04038646660794,white_removed_candidate,0.9636456144957983,1.0,0.0189130339635854,0.0313143736851332,2.731622,low,7da6feba02e23c2aaee9222f5a48c4e3f6a51481e21a0543871f2394a0bec93f,00310e3060c08080,D:\kp\adaptive_keypoint_discovery_reboot\experiment\data_stage_clean_v3\images\auxiliary\stagev3_0047.png,0,,,,5bec19b2b953aca684bb9e78e950bf0e3a316ce26d2ea82598570909c855a5b6,auxiliary,images\auxiliary\stagev3_0047.png,auxiliary_unverified_stage,1,0,pass_contact_sheet_shoot_integrity_and_background,codex_contact_sheet_review_2026-07-17,1,largest_connected_shoot_component,1,0.0,00310e3060c08080,20190e3060408080
stagev3_0048,D:\kp\数据集图片\images\leaf3 (119).jpg,leaf3 (119).jpg,images400::leaf3 (119),gt2,filename_leaf3,name_proxy_needs_confirmation,A_native_white_standardized,shoot_only_standardization_native_white,282.956637342437,282.956637342437,white_removed_candidate,0.9383370535714286,1.0,0.0314141281512605,0.0539499274789029,2.733328,low,60dcba1b0b38d393950de36ed6002cf118b1e04c15f0aa801abe13aba64d0962,001c336108080800,D:\kp\adaptive_keypoint_discovery_reboot\experiment\data_stage_clean_v3\images\auxiliary\stagev3_0048.png,0,,,,2a2d6c813255353c0d2931fdb2c1c478e608add2eb1f940001416ecfa4d907d7,auxiliary,images\auxiliary\stagev3_0048.png,auxiliary_unverified_stage,1,0,pass_contact_sheet_shoot_integrity_and_background,codex_contact_sheet_review_2026-07-17,1,largest_connected_shoot_component,1,0.0,001c336108080800,0c3375c404040408
stagev3_0049,D:\kp\数据集图片\images\37-37.jpg,37-37.jpg,images400::37-37,unknown,not_assigned,unknown,A_native_white_standardized,shoot_only_standardization_native_white,418.8251610309654,418.8251610309654,white_removed_candidate,0.9495738636363636,1.0,0.0348694274475524,0.0473785932055749,2.750789,low,c5b0727a9807d7ac96ae6c6053cf84112f14a2cb4a03434edf871c9ec3292141,301804030704040c,D:\kp\adaptive_keypoint_discovery_reboot\experiment\data_stage_clean_v3\images\auxiliary\stagev3_0049.png,0,,,,bdaa8b237d6d1198f3e1cb86bf42410d2fe2397c9058631bfd780fd9b8b50778,auxiliary,images\auxiliary\stagev3_0049.png,auxiliary_unverified_stage,1,0,pass_contact_sheet_shoot_integrity_and_background,codex_contact_sheet_review_2026-07-17,1,largest_connected_shoot_component,1,0.0,301804030704040c,40300c06070c0808
stagev3_0050,D:\kp\数据集图片\images\leaf3 (72).jpg,leaf3 (72).jpg,images400::leaf3 (72),gt2,filename_leaf3,name_proxy_needs_confirmation,A_native_white_standardized,shoot_only_standardization_native_white,109.9639559659091,109.9639559659091,white_removed_candidate,0.97578125,1.0,0.011629971590909,0.0207808061079545,2.761019,low,af1c7666a32c758a03cd73f31c653785fe01c5051250c6b2b039bad3c5542618,00000a1800000000,D:\kp\adaptive_keypoint_discovery_reboot\experiment\data_stage_clean_v3\images\auxiliary\stagev3_0050.png,0,,,,862f5005c342352551e6d009054570f333b05bca02e9530a234d361b810a1e45,auxiliary,images\auxiliary\stagev3_0050.png,auxiliary_unverified_stage,1,0,pass_contact_sheet_shoot_integrity_and_background,codex_contact_sheet_review_2026-07-17,1,largest_connected_shoot_component,1,0.0,00000a1800000000,2010593b1b3a3060
stagev3_0051,D:\kp\数据集图片\images\8-8.jpg,8-8.jpg,images400::8-8,unknown,not_assigned,unknown,A_native_white_standardized,shoot_only_standardization_native_white,328.79554281069363,328.79554281069363,white_removed_candidate,0.9589956647398844,1.0,0.0292630057803468,0.0378604241181157,2.779553,low,2a56ecc71f74d5bd1a0fc9ffb98b6698c0e1606e8f5822562a14c30207f435b0,4018080906040400,D:\kp\adaptive_keypoint_discovery_reboot\experiment\data_stage_clean_v3\images\auxiliary\stagev3_0051.png,0,,,,82ae8543e3b97c8487066feeb548534cae3ffe7dcc6594b5163859c1f782fb30,auxiliary,images\auxiliary\stagev3_0051.png,auxiliary_unverified_stage,1,0,pass_contact_sheet_shoot_integrity_and_background,codex_contact_sheet_review_2026-07-17,1,largest_connected_shoot_component,2,0.02109090909090909,4018080906040400,4028180d0b040404
stagev3_0052,D:\kp\数据集图片\images\leaf3 (84).jpg,leaf3 (84).jpg,images400::leaf3 (84),gt2,filename_leaf3,name_proxy_needs_confirmation,A_native_white_standardized,shoot_only_standardization_native_white,185.31750954198472,185.31750954198472,white_removed_candidate,0.9540419250954199,1.0,0.0231542223282442,0.0400819268845419,2.818696,low,02c6506ba48e65e93cac4f854cae3c92bc98ca70ca314d2d25bb77a79ec233a0,0078162040c08000,D:\kp\adaptive_keypoint_discovery_reboot\experiment\data_stage_clean_v3\images\auxiliary\stagev3_0052.png,0,,,,8ae7ffe8cdb007e925887499cbdafeddffabb77a26c3fa5384869b84c9ad342c,auxiliary,images\auxiliary\stagev3_0052.png,auxiliary_unverified_stage,1,0,pass_contact_sheet_shoot_integrity_and_background,codex_contact_sheet_review_2026-07-17,1,largest_connected_shoot_component,1,0.0,0078162040c08000,701f19204040c080
stagev3_0053,D:\kp\数据集图片\images\leaf3 (78).jpg,leaf3 (78).jpg,images400::leaf3 (78),gt2,filename_leaf3,name_proxy_needs_confirmation,A_native_white_standardized,shoot_only_standardization_native_white,178.89822265625,178.89822265625,white_removed_candidate,0.963212890625,1.0,0.019775390625,0.0317644183773216,2.842728,low,f04f1fcd4932981d1b83194af3fe5ab59a351ba966d58495d0ed017d8a43adcf,00001c2743800000,D:\kp\adaptive_keypoint_discovery_reboot\experiment\data_stage_clean_v3\images\auxiliary\stagev3_0053.png,0,,,,8481267d045b208f9de0ac8b63feb9350516463bcd6e6098a3d85c113ec2e58f,auxiliary,images\auxiliary\stagev3_0053.png,auxiliary_unverified_stage,1,0,pass_contact_sheet_shoot_integrity_and_background,codex_contact_sheet_review_2026-07-17,1,largest_connected_shoot_component,2,0.01638570465273095,00001c2743800000,140c16316140c080
stagev3_0054,D:\kp\数据集图片\images\1-1.jpg,1-1.jpg,images400::1-1,unknown,not_assigned,unknown,A_native_white_standardized,shoot_only_standardization_native_white,211.8422452577821,211.8422452577821,white_removed_candidate,0.9514074659533074,1.0,0.0425431663424124,0.0467097063472762,2.863027,low,e5b77575e656a53414df59351d3069c8f22bf7dcaa816c3d7b84f271712be361,0186302030101800,D:\kp\adaptive_keypoint_discovery_reboot\experiment\data_stage_clean_v3\images\auxiliary\stagev3_0054.png,0,,,,ffb8b32caef52c83ce9637b8d8579a17b51835ddfeb064f217655c6f4df77e61,auxiliary,images\auxiliary\stagev3_0054.png,auxiliary_unverified_stage,1,0,pass_contact_sheet_shoot_integrity_and_background,codex_contact_sheet_review_2026-07-17,1,largest_connected_shoot_component,1,0.0,0186302030101800,0187502070100808
stagev3_0055,D:\kp\数据集图片\images\leaf3 (13).jpg,leaf3 (13).jpg,images400::leaf3 (13),gt2,filename_leaf3,name_proxy_needs_confirmation,A_native_white_standardized,shoot_only_standardization_native_white,590.1832057119206,590.1832057119206,white_removed_candidate,0.9488824503311258,1.0,0.0422444122516556,0.0474200581395348,2.879852,mid,eef717160c6c65499e24822daad11b7637bd1c1f592d575440111c3cc425bb82,0040301037090000,D:\kp\adaptive_keypoint_discovery_reboot\experiment\data_stage_clean_v3\images\auxiliary\stagev3_0055.png,0,,,,0df8e399138480784504829ab7d500921a090816750aaf47feac8ba680e8e394,auxiliary,images\auxiliary\stagev3_0055.png,auxiliary_unverified_stage,1,0,pass_contact_sheet_shoot_integrity_and_background,codex_contact_sheet_review_2026-07-17,1,largest_connected_shoot_component,1,0.0,0040301037090000,c06020b0d82e0304
stagev3_0056,D:\kp\数据集图片\images\leaf3 (5).jpg,leaf3 (5).jpg,images400::leaf3 (5),gt2,filename_leaf3,name_proxy_needs_confirmation,A_native_white_standardized,shoot_only_standardization_native_white,541.8743024553571,541.8743024553571,white_removed_candidate,0.9627511160714286,1.0,0.0256198182397959,0.0332305285395408,2.880802,mid,670ba0c968c9053a6cde853ecfb97e1dc4ef177d931f8dba5b598ab0ee0f7816,04710c2040404040,D:\kp\adaptive_keypoint_discovery_reboot\experiment\data_stage_clean_v3\images\auxiliary\stagev3_0056.png,0,,,,a6212ffd2de49a3b206ddc8237dd5fcbf05113243dfe3a46d80ab9768dd80877,auxiliary,images\auxiliary\stagev3_0056.png,auxiliary_unverified_stage,1,0,pass_contact_sheet_shoot_integrity_and_background,codex_contact_sheet_review_2026-07-17,1,largest_connected_shoot_component,1,0.0,04710c2040404040,84310e3060404040
stagev3_0057,D:\kp\数据集图片\images\leaf3 (98).jpg,leaf3 (98).jpg,images400::leaf3 (98),gt2,filename_leaf3,name_proxy_needs_confirmation,A_native_white_standardized,shoot_only_standardization_native_white,218.34863281097407,218.34863281097407,white_removed_candidate,0.9291666666666667,1.0,0.0405989583333333,0.0629931803929765,2.894368,mid,2f76a37283dd604476b57d271044d1e5bd8bd7189624d51bcafae9cf8a1f2aa1,2030181b74800000,D:\kp\adaptive_keypoint_discovery_reboot\experiment\data_stage_clean_v3\images\auxiliary\stagev3_0057.png,0,,,,aa731c9371a095dde9c19df607b037009b4a4374100a6f41127ff4029e757dbc,auxiliary,images\auxiliary\stagev3_0057.png,auxiliary_unverified_stage,1,0,pass_contact_sheet_shoot_integrity_and_background,codex_contact_sheet_review_2026-07-17,1,largest_connected_shoot_component,1,0.0,2030181b74800000,203010180f3962c0
stagev3_0058,D:\kp\数据集图片\images\leaf3 (20).jpg,leaf3 (20).jpg,images400::leaf3 (20),gt2,filename_leaf3,name_proxy_needs_confirmation,A_native_white_standardized,shoot_only_standardization_native_white,567.3236258321878,567.3236258321878,white_removed_candidate,0.9345005580357143,0.9995941558441559,0.0545479910714285,0.0608738490513392,2.931845,mid,d4e51d1c022d9e347826f85002603eb645dd96e603a70268af17bbacc96b7b1a,183030180f0c0800,D:\kp\adaptive_keypoint_discovery_reboot\experiment\data_stage_clean_v3\images\auxiliary\stagev3_0058.png,0,,,,da77fade7a8f520816c94a7e37d796b3cbfdc885472749e5a72f105e19f74382,auxiliary,images\auxiliary\stagev3_0058.png,auxiliary_unverified_stage,1,0,pass_contact_sheet_shoot_integrity_and_background,codex_contact_sheet_review_2026-07-17,1,largest_connected_shoot_component,1,0.0,183030180f0c0800,3060c0601b1e1810
stagev3_0059,D:\kp\数据集图片\images\leaf3 (46).jpg,leaf3 (46).jpg,images400::leaf3 (46),gt2,filename_leaf3,name_proxy_needs_confirmation,A_native_white_standardized,shoot_only_standardization_native_white,440.1151072485207,440.1151072485207,white_removed_candidate,0.9613073224852071,1.0,0.0264769785502958,0.0342259153106508,2.95164,mid,c1ce6cd6215309bf9827fccd180ef5cb2059b8deb73882b7bb11139f7170577f,30080406060c0808,D:\kp\adaptive_keypoint_discovery_reboot\experiment\data_stage_clean_v3\images\auxiliary\stagev3_0059.png,0,,,,a986a6eefc62b506a3431d536713282235df334359997ad2f7837677c25a6b17,auxiliary,images\auxiliary\stagev3_0059.png,auxiliary_unverified_stage,1,0,pass_contact_sheet_shoot_integrity_and_background,codex_contact_sheet_review_2026-07-17,1,largest_connected_shoot_component,3,0.018457169900615238,30080406060c0808,300c060303070c08
stagev3_0060,D:\kp\数据集图片\images\leaf3 (4).jpg,leaf3 (4).jpg,images400::leaf3 (4),gt2,filename_leaf3,name_proxy_needs_confirmation,A_native_white_standardized,shoot_only_standardization_native_white,553.1517626549587,553.1517626549587,white_removed_candidate,0.9459258780991735,1.0,0.042161673553719,0.0497443106080802,3.006957,mid,4e92a5835b6b7a48b458405bf3c4b37472c78106acbc94adc3bd4f881d53d5a4,00402033061c1000,D:\kp\adaptive_keypoint_discovery_reboot\experiment\data_stage_clean_v3\images\auxiliary\stagev3_0060.png,0,,,,823240710a2450a3ff99dda630c885e227d34096550c665f20219601ad198789,auxiliary,images\auxiliary\stagev3_0060.png,auxiliary_unverified_stage,1,0,pass_contact_sheet_shoot_integrity_and_background,codex_contact_sheet_review_2026-07-17,1,largest_connected_shoot_component,1,0.0,00402033061c1000,4060203013061c10
stagev3_0061,D:\kp\数据集图片\images\leaf3 (56).jpg,leaf3 (56).jpg,images400::leaf3 (56),gt2,filename_leaf3,name_proxy_needs_confirmation,A_native_white_standardized,shoot_only_standardization_native_white,453.55263863357845,453.55263863357845,white_removed_candidate,0.9718041513480392,1.0,0.0195025275735294,0.0256593596437346,3.038235,mid,4d2188f9547201564a855285adbdbb464067748b83af65fa28c6defd543e779d,0004013060408000,D:\kp\adaptive_keypoint_discovery_reboot\experiment\data_stage_clean_v3\images\auxiliary\stagev3_0061.png,0,,,,ff40fc4941734c3a805110b3c35c155b32d85b80666db9acfb716e0c6043a3e2,auxiliary,images\auxiliary\stagev3_0061.png,auxiliary_unverified_stage,1,0,pass_contact_sheet_shoot_integrity_and_background,codex_contact_sheet_review_2026-07-17,1,largest_connected_shoot_component,1,0.0,0004013060408000,040501306040c080
stagev3_0062,D:\kp\数据集图片\images\leaf3 (60).jpg,leaf3 (60).jpg,images400::leaf3 (60),gt2,filename_leaf3,name_proxy_needs_confirmation,A_native_white_standardized,shoot_only_standardization_native_white,222.083953617126,222.083953617126,white_removed_candidate,0.9619371309055118,1.0,0.0156480684055118,0.0323957308070866,3.0437,mid,b3102433e3b8be75ce9ac8d1606688c105da9fea5ed47ccb0f24d763352b080f,004020180b081010,D:\kp\adaptive_keypoint_discovery_reboot\experiment\data_stage_clean_v3\images\auxiliary\stagev3_0062.png,0,,,,7b92ed107c02da9bb9cd5d977ed4dfba8d94bca631e56047f219122c5dc4c076,auxiliary,images\auxiliary\stagev3_0062.png,auxiliary_unverified_stage,1,0,pass_contact_sheet_shoot_integrity_and_background,codex_contact_sheet_review_2026-07-17,1,largest_connected_shoot_component,2,0.016828043286905195,004020180b081010,8040201a03081020
stagev3_0063,D:\kp\数据集图片\images\leaf3 (87).jpg,leaf3 (87).jpg,images400::leaf3 (87),gt2,filename_leaf3,name_proxy_needs_confirmation,A_native_white_standardized,shoot_only_standardization_native_white,131.4768943050193,131.4768943050193,white_removed_candidate,0.9692326254826255,1.0,0.0147427002895752,0.0263193650290424,3.09097,mid,7c133d6165a47b2fd0bccf9d0b57f93acc7d25fcdb764b9ad61fe5b026ba344d,00403b0f10101000,D:\kp\adaptive_keypoint_discovery_reboot\experiment\data_stage_clean_v3\images\auxiliary\stagev3_0063.png,0,,,,4ca45d75a4b779b1ca1eacbfcf5ab625a1fbe6a215b0a45595f6d842ac95fbc9,auxiliary,images\auxiliary\stagev3_0063.png,auxiliary_unverified_stage,1,0,pass_contact_sheet_shoot_integrity_and_background,codex_contact_sheet_review_2026-07-17,1,largest_connected_shoot_component,1,0.0,00403b0f10101000,80380f0810101010
stagev3_0064,D:\kp\数据集图片\images\leaf3 (96).jpg,leaf3 (96).jpg,images400::leaf3 (96),gt2,filename_leaf3,name_proxy_needs_confirmation,A_native_white_standardized,shoot_only_standardization_native_white,186.15842200969828,186.15842200969828,white_removed_candidate,0.9524515086206896,1.0,0.0270070043103448,0.0413902545797413,3.100535,mid,679f757f1e4c6736ca8228dc2652842e2f15c8c65ea76162f2278aa6104cd329,8040341733604080,D:\kp\adaptive_keypoint_discovery_reboot\experiment\data_stage_clean_v3\images\auxiliary\stagev3_0064.png,0,,,,8e6b5ff955aa87a28908da094e9597d3e2c13cda6032eb10a3184c592cfb9b9d,auxiliary,images\auxiliary\stagev3_0064.png,auxiliary_unverified_stage,1,0,pass_contact_sheet_shoot_integrity_and_background,codex_contact_sheet_review_2026-07-17,1,largest_connected_shoot_component,1,0.0,8040341733604080,c0601c0f112040c0
stagev3_0065,D:\kp\数据集图片\images\leaf3 (61).jpg,leaf3 (61).jpg,images400::leaf3 (61),gt2,filename_leaf3,name_proxy_needs_confirmation,A_native_white_standardized,shoot_only_standardization_native_white,304.0065104166667,304.0065104166667,white_removed_candidate,0.9413569286616161,1.0,0.0336174242424242,0.0512991240530303,3.130272,mid,8b79dc929ec99f479b1abe2322500788530ea5007abe6b4cbf2cb53a4ebf365d,001c0d306040c080,D:\kp\adaptive_keypoint_discovery_reboot\experiment\data_stage_clean_v3\images\auxiliary\stagev3_0065.png,0,,,,9c7a9c7a90593d19ebb567177efd2e51e8afabaa0f52a8ca3b7ffe86abf749d5,auxiliary,images\auxiliary\stagev3_0065.png,auxiliary_unverified_stage,1,0,pass_contact_sheet_shoot_integrity_and_background,codex_contact_sheet_review_2026-07-17,1,largest_connected_shoot_component,1,0.0,001c0d306040c080,140d09306040c080
stagev3_0066,D:\kp\数据集图片\images\leaf3 (21).jpg,leaf3 (21).jpg,images400::leaf3 (21),gt2,filename_leaf3,name_proxy_needs_confirmation,A_native_white_standardized,shoot_only_standardization_native_white,722.9087041675161,722.9087041675161,white_removed_candidate,0.9395568307522124,0.9826016260162601,0.0467367256637168,0.0554998617256637,3.151284,mid,dc3750e4ee9d5087158ed86b60735a2ea2f6b6fb0427428586f7cad7f566be96,000001230c0c0400,D:\kp\adaptive_keypoint_discovery_reboot\experiment\data_stage_clean_v3\images\auxiliary\stagev3_0066.png,0,,,,3cb940d4df6a495129fa70d2b315ad0864ed66eb4a0dc6bff8ef0575542cf5d7,auxiliary,images\auxiliary\stagev3_0066.png,auxiliary_unverified_stage,1,0,pass_contact_sheet_shoot_integrity_and_background,codex_contact_sheet_review_2026-07-17,1,largest_connected_shoot_component,1,0.0,000001230c0c0400,0000030618101818
stagev3_0067,D:\kp\数据集图片\images\leaf3 (81).jpg,leaf3 (81).jpg,images400::leaf3 (81),gt2,filename_leaf3,name_proxy_needs_confirmation,A_native_white_standardized,shoot_only_standardization_native_white,170.04763513513512,170.04763513513512,white_removed_candidate,0.9435705236486487,1.0,0.0337943412162162,0.0503445757113821,3.161122,mid,bc297c3a9092f4d03247c7b63258ff5b45f086b72cf48c9c081345022d62a55f,000060203e608000,D:\kp\adaptive_keypoint_discovery_reboot\experiment\data_stage_clean_v3\images\auxiliary\stagev3_0067.png,0,,,,1a35a8bde7434701c956d82e23433e6a0e65856425c58da950b89948d1d6adae,auxiliary,images\auxiliary\stagev3_0067.png,auxiliary_unverified_stage,1,0,pass_contact_sheet_shoot_integrity_and_background,codex_contact_sheet_review_2026-07-17,1,largest_connected_shoot_component,1,0.0,000060203e608000,406030110d3460c0
stagev3_0068,D:\kp\数据集图片\images\35-35.jpg,35-35.jpg,images400::35-35,unknown,not_assigned,unknown,A_native_white_standardized,shoot_only_standardization_native_white,345.838481294184,345.838481294184,white_removed_candidate,0.9724874614197531,1.0,0.0149980709876543,0.0249278846153846,3.186127,mid,36612d521f76ce5dfbd8369c218a374066a8e4447d1a17941afde6a5049765a3,60180c0202060c08,D:\kp\adaptive_keypoint_discovery_reboot\experiment\data_stage_clean_v3\images\auxiliary\stagev3_0068.png,0,,,,aa80420985332b611a69fcf5cdd0ac87d77b352fa61b3b48dea97d2c1744d18e,auxiliary,images\auxiliary\stagev3_0068.png,auxiliary_unverified_stage,1,0,pass_contact_sheet_shoot_integrity_and_background,codex_contact_sheet_review_2026-07-17,1,largest_connected_shoot_component,1,0.0,60180c0202060c08,601806010103060c
stagev3_0069,D:\kp\数据集图片\images\leaf3 (51).jpg,leaf3 (51).jpg,images400::leaf3 (51),gt2,filename_leaf3,name_proxy_needs_confirmation,A_native_white_standardized,shoot_only_standardization_native_white,416.85501269035535,416.85501269035535,white_removed_candidate,0.9719820748730964,1.0,0.0146633090101522,0.0243496192893401,3.193678,mid,dd0bb5660209f98959a07a337c156236ec3c16eabf786bcdc941638b06966599,0000131760408000,D:\kp\adaptive_keypoint_discovery_reboot\experiment\data_stage_clean_v3\images\auxiliary\stagev3_0069.png,0,,,,b0051219641ab9a6e7f6f56ef4026d768a4a34befca3a15f038ef233ccb63bda,auxiliary,images\auxiliary\stagev3_0069.png,auxiliary_unverified_stage,1,0,pass_contact_sheet_shoot_integrity_and_background,codex_contact_sheet_review_2026-07-17,1,largest_connected_shoot_component,1,0.0,0000131760408000,180b102040408080
stagev3_0070,D:\kp\数据集图片\images\leaf3 (88).jpg,leaf3 (88).jpg,images400::leaf3 (88),gt2,filename_leaf3,name_proxy_needs_confirmation,A_native_white_standardized,shoot_only_standardization_native_white,173.7464871852518,173.7464871852518,white_removed_candidate,0.9625604204136691,1.0,0.0152175134892086,0.0318524477293165,3.234274,mid,8e7123e7cb069e1e6bc345a5b28e3b5bbcffa607f90aa14cd36d96825ec1ab38,0080c06030162200,D:\kp\adaptive_keypoint_discovery_reboot\experiment\data_stage_clean_v3\images\auxiliary\stagev3_0070.png,0,,,,06d577109c1eadf15db1baa0a2d012bb5d9487f4f4d993a2c998380fbfa4d274,auxiliary,images\auxiliary\stagev3_0070.png,auxiliary_unverified_stage,1,0,pass_contact_sheet_shoot_integrity_and_background,codex_contact_sheet_review_2026-07-17,1,largest_connected_shoot_component,1,0.0,0080c06030162200,80c04020180b1120
stagev3_0071,D:\kp\数据集图片\images\leaf3 (19).jpg,leaf3 (19).jpg,images400::leaf3 (19),gt2,filename_leaf3,name_proxy_needs_confirmation,A_native_white_standardized,shoot_only_standardization_native_white,428.4676682692308,428.4676682692308,white_removed_candidate,0.9598958333333333,1.0,0.0331129807692307,0.0389876038768981,3.238565,mid,96507f3f8f7424afbd278547272bcaedabda6d3d59ff07831419e696e9c4c2a1,00c8281660c00000,D:\kp\adaptive_keypoint_discovery_reboot\experiment\data_stage_clean_v3\images\auxiliary\stagev3_0071.png,0,,,,4a3d67f0c4708ab2b9bc19220ca7f782ae24a3398c9d1e6f4ff4853ef7704c00,auxiliary,images\auxiliary\stagev3_0071.png,auxiliary_unverified_stage,1,0,pass_contact_sheet_shoot_integrity_and_background,codex_contact_sheet_review_2026-07-17,1,largest_connected_shoot_component,2,0.05755064456721915,00c8281660c00000,60301b11206040c0
stagev3_0072,D:\kp\数据集图片\images\leaf3 (62).jpg,leaf3 (62).jpg,images400::leaf3 (62),gt2,filename_leaf3,name_proxy_needs_confirmation,A_native_white_standardized,shoot_only_standardization_native_white,122.76226337139424,122.76226337139424,white_removed_candidate,0.9683462289663461,1.0,0.0196157602163461,0.0299039909638554,3.254449,mid,013ef7b2ee44d822bebcdc560cd7923ac04bfa5b89b9d363bccfaef3de0140cb,0000000037310000,D:\kp\adaptive_keypoint_discovery_reboot\experiment\data_stage_clean_v3\images\auxiliary\stagev3_0072.png,0,,,,1dfc321922817fd6418f5f85596f86ccc0bfec9c7688f33cd07404d1553d1234,auxiliary,images\auxiliary\stagev3_0072.png,auxiliary_unverified_stage,1,0,pass_contact_sheet_shoot_integrity_and_background,codex_contact_sheet_review_2026-07-17,1,largest_connected_shoot_component,4,0.025470161409743817,0000000037310000,14141111373e3820
stagev3_0073,D:\kp\数据集图片\images\leaf3 (58).jpg,leaf3 (58).jpg,images400::leaf3 (58),gt2,filename_leaf3,name_proxy_needs_confirmation,A_native_white_standardized,shoot_only_standardization_native_white,273.32523686791933,273.32523686791933,white_removed_candidate,0.9432866522606383,1.0,0.0300344913563829,0.0490410987367021,3.257936,mid,8d3f5de6f798f3906a42f5a368946b8fb72864ad2773ff5246e2a044139b9080,403a132040408000,D:\kp\adaptive_keypoint_discovery_reboot\experiment\data_stage_clean_v3\images\auxiliary\stagev3_0073.png,0,,,,6dc9f6b2102551c10fe129b8029b1dbe161a6db6a190ba0c31e46afd9db95aa1,auxiliary,images\auxiliary\stagev3_0073.png,auxiliary_unverified_stage,1,0,pass_contact_sheet_shoot_integrity_and_background,codex_contact_sheet_review_2026-07-17,1,largest_connected_shoot_component,1,0.0,403a132040408000,341119206040c080
stagev3_0074,D:\kp\数据集图片\images\18.jpg,18.jpg,images400::18,unknown,not_assigned,unknown,A_native_white_standardized,shoot_only_standardization_native_white,167.93732706705728,167.93732706705728,white_removed_candidate,0.9748789469401041,1.0,0.0160573323567708,0.0263532002766927,3.265696,mid,30a061290df419319662b70068f3797b3e0c29a182a99f6ea223a39f93b70b98,000000193b200000,D:\kp\adaptive_keypoint_discovery_reboot\experiment\data_stage_clean_v3\images\auxiliary\stagev3_0074.png,0,,,,5fd595d2d56129075291cf2db9d07984a69ce0705d6449e227cd99cd36e29636,auxiliary,images\auxiliary\stagev3_0074.png,auxiliary_unverified_stage,1,0,pass_contact_sheet_shoot_integrity_and_background,codex_contact_sheet_review_2026-07-17,1,largest_connected_shoot_component,4,0.14213823559617952,000000193b200000,082c07316040c080
stagev3_0075,D:\kp\数据集图片\images\leaf3 (69).jpg,leaf3 (69).jpg,images400::leaf3 (69),gt2,filename_leaf3,name_proxy_needs_confirmation,A_native_white_standardized,shoot_only_standardization_native_white,234.636747901025,234.636747901025,white_removed_candidate,0.9402110541044776,1.0,0.0345829446517412,0.0539267666610599,3.315969,mid,456c1f2c11d82b4ad65326a96cff71c815b5c070d783766235559da68c6af0a2,0000131c3060c000,D:\kp\adaptive_keypoint_discovery_reboot\experiment\data_stage_clean_v3\images\auxiliary\stagev3_0075.png,0,,,,a7603554a5599d7c553a2069df6f47d714cf978bdca1e43cbdd309c5770de507,auxiliary,images\auxiliary\stagev3_0075.png,auxiliary_unverified_stage,1,0,pass_contact_sheet_shoot_integrity_and_background,codex_contact_sheet_review_2026-07-17,1,largest_connected_shoot_component,1,0.0,0000131c3060c000,04190f18103060c0
stagev3_0076,D:\kp\数据集图片\images\leaf3 (91).jpg,leaf3 (91).jpg,images400::leaf3 (91),gt2,filename_leaf3,name_proxy_needs_confirmation,A_native_white_standardized,shoot_only_standardization_native_white,210.11878231179583,210.11878231179583,white_removed_candidate,0.9595129730504587,1.0,0.0191728784403669,0.0377851113505747,3.344992,mid,300e81e8aef6fb5561c357b79f406969193fea3c95cf8f41221ef6a3d81ac663,80600b1a10202020,D:\kp\adaptive_keypoint_discovery_reboot\experiment\data_stage_clean_v3\images\auxiliary\stagev3_0076.png,0,,,,25974c9e2ce484fdc3a4512a485a65330bd175714260866d59a1fe21c01beb7d,auxiliary,images\auxiliary\stagev3_0076.png,auxiliary_unverified_stage,1,0,pass_contact_sheet_shoot_integrity_and_background,codex_contact_sheet_review_2026-07-17,1,largest_connected_shoot_component,2,0.07804033294229373,80600b1a10202020,8040603a050d0818
stagev3_0077,D:\kp\数据集图片\images\leaf3 (6).jpg,leaf3 (6).jpg,images400::leaf3 (6),gt2,filename_leaf3,name_proxy_needs_confirmation,A_native_white_standardized,shoot_only_standardization_native_white,746.5370324803149,746.5370324803149,white_removed_candidate,0.9603992372047244,1.0,0.0260211614173228,0.0380550580533596,3.391509,mid,7975f489a4c9d8ba6703d5f76e01657a72e55dcac346d92c541dd18480b9c206,0061373040c08000,D:\kp\adaptive_keypoint_discovery_reboot\experiment\data_stage_clean_v3\images\auxiliary\stagev3_0077.png,0,,,,8fc10179ef0be67fc30162c7e5f66995b121aaf10a419ea10b8bb6212ca1af99,auxiliary,images\auxiliary\stagev3_0077.png,auxiliary_unverified_stage,1,0,pass_contact_sheet_shoot_integrity_and_background,codex_contact_sheet_review_2026-07-17,1,largest_connected_shoot_component,2,0.08624830322648011,0061373040c08000,806031131c302060
stagev3_0078,D:\kp\数据集图片\images\leaf3 (54).jpg,leaf3 (54).jpg,images400::leaf3 (54),gt2,filename_leaf3,name_proxy_needs_confirmation,A_native_white_standardized,shoot_only_standardization_native_white,457.1580376059322,457.1580376059322,white_removed_candidate,0.9717955508474576,1.0,0.0169491525423728,0.0248598394373673,3.422048,high,37eef4384a8e281979db810a274a704f37694e4a9f4cb7445563bcaa574ea411,00808040600e3104,D:\kp\adaptive_keypoint_discovery_reboot\experiment\data_stage_clean_v3\images\auxiliary\stagev3_0078.png,0,,,,ab9b1fb4ccd1082280fbcdbe994aa0272c94c04c8bab5051bd79c743447109a5,auxiliary,images\auxiliary\stagev3_0078.png,auxiliary_unverified_stage,1,0,pass_contact_sheet_shoot_integrity_and_background,codex_contact_sheet_review_2026-07-17,1,largest_connected_shoot_component,2,0.01938353987925008,00808040600e3104,80804040201c1104
stagev3_0079,D:\kp\数据集图片\images\leaf3 (85).jpg,leaf3 (85).jpg,images400::leaf3 (85),gt2,filename_leaf3,name_proxy_needs_confirmation,A_native_white_standardized,shoot_only_standardization_native_white,261.34399958630013,261.34399958630013,white_removed_candidate,0.9300328038674033,1.0,0.0364295580110497,0.0616852986878453,3.458184,high,dde8989c59b7d832c6cdcffb798e612f6bea4e184fa72c8074aec4d3848a20ca,0060380b1b302000,D:\kp\adaptive_keypoint_discovery_reboot\experiment\data_stage_clean_v3\images\auxiliary\stagev3_0079.png,0,,,,32ade3be2c7cbc41650fbf192fa9c9fb9553d2288ffdb0614137bbbbb4010369,auxiliary,images\auxiliary\stagev3_0079.png,auxiliary_unverified_stage,1,0,pass_contact_sheet_shoot_integrity_and_background,codex_contact_sheet_review_2026-07-17,1,largest_connected_shoot_component,1,0.0,0060380b1b302000,60301e070d181020
stagev3_0080,D:\kp\数据集图片\images\leaf3 (90).jpg,leaf3 (90).jpg,images400::leaf3 (90),gt2,filename_leaf3,name_proxy_needs_confirmation,A_native_white_standardized,shoot_only_standardization_native_white,223.1447390292553,223.1447390292553,white_removed_candidate,0.9359832114361702,1.0,0.0343043550531914,0.0554117010877477,3.487023,high,700c6b0ffe99805f2dfbff26934dbe2457e511b73e60a11d0b45beb3727f5d16,002010180b64c000,D:\kp\adaptive_keypoint_discovery_reboot\experiment\data_stage_clean_v3\images\auxiliary\stagev3_0080.png,0,,,,4d5e67a31de1fede4454d5309033ddeecb6f2cb2a996a4517abcf7aee692e7e4,auxiliary,images\auxiliary\stagev3_0080.png,auxiliary_unverified_stage,1,0,pass_contact_sheet_shoot_integrity_and_background,codex_contact_sheet_review_2026-07-17,1,largest_connected_shoot_component,1,0.0,002010180b64c000,3010180c053a62c0
stagev3_0081,D:\kp\数据集图片\images\leaf3 (86).jpg,leaf3 (86).jpg,images400::leaf3 (86),gt2,filename_leaf3,name_proxy_needs_confirmation,A_native_white_standardized,shoot_only_standardization_native_white,190.6904179216868,190.6904179216868,white_removed_candidate,0.965839922188755,1.0,0.014660203313253,0.0285320971385542,3.490914,high,123b74d3b443e899082e247864f926dd6f48d126445d203bd87fdf8a873dd31f,0020321620408000,D:\kp\adaptive_keypoint_discovery_reboot\experiment\data_stage_clean_v3\images\auxiliary\stagev3_0081.png,0,,,,473457ff34edfed80f99b0a0ab5317ec10d6ae8ddb7e6fd81d035f10e210d2a8,auxiliary,images\auxiliary\stagev3_0081.png,auxiliary_unverified_stage,1,0,pass_contact_sheet_shoot_integrity_and_background,codex_contact_sheet_review_2026-07-17,1,largest_connected_shoot_component,1,0.0,0020321620408000,2030180b3860c080
stagev3_0082,D:\kp\数据集图片\images\9.jpg,9.jpg,images400::9,unknown,not_assigned,unknown,A_native_white_standardized,shoot_only_standardization_native_white,158.58647155738436,158.58647155738436,white_removed_candidate,0.9724019368489584,1.0,0.0195210774739583,0.0280164082845052,3.496866,high,76224a527758faf2f6dc05e9b22e15d36289bf813322ff326a1e8a3f4a27a56e,0000000185380000,D:\kp\adaptive_keypoint_discovery_reboot\experiment\data_stage_clean_v3\images\auxiliary\stagev3_0082.png,0,,,,08b556c1355099de3da203603bd5a84f0ff0b158995f488f66a8841d43a32aa6,auxiliary,images\auxiliary\stagev3_0082.png,auxiliary_unverified_stage,1,0,pass_contact_sheet_shoot_integrity_and_background,codex_contact_sheet_review_2026-07-17,1,largest_connected_shoot_component,3,0.09709508686717729,0000000185380000,8080c3c64c381030
stagev3_0083,D:\kp\数据集图片\images\3-3.jpg,3-3.jpg,images400::3-3,unknown,not_assigned,unknown,A_native_white_standardized,shoot_only_standardization_native_white,504.9566540948276,504.9566540948276,white_removed_candidate,0.9340247844827586,1.0,0.051239224137931,0.0621653525995528,3.537979,high,e151b1cc97e103cd672177594d5b4c80804388f9a3692cf284103f5fc11ecc17,c8481a1618181a00,D:\kp\adaptive_keypoint_discovery_reboot\experiment\data_stage_clean_v3\images\auxiliary\stagev3_0083.png,0,,,,b89107b7871b442dde1ebf04223bc99035591d97913df5792941c73d9fb9e8cd,auxiliary,images\auxiliary\stagev3_0083.png,auxiliary_unverified_stage,1,0,pass_contact_sheet_shoot_integrity_and_background,codex_contact_sheet_review_2026-07-17,1,largest_connected_shoot_component,4,0.028371072212408328,c8481a1618181a00,84446c290f0c0c0c
stagev3_0085,D:\kp\数据集图片\images\leaf3 (83).jpg,leaf3 (83).jpg,images400::leaf3 (83),gt2,filename_leaf3,name_proxy_needs_confirmation,A_native_white_standardized,shoot_only_standardization_native_white,233.43805017605635,233.43805017605635,white_removed_candidate,0.9569120451877934,1.0,0.0178990610328638,0.0368313419117647,3.617347,high,46f36e7f1fd527c8029ab23b402721ebdd1f8cc01c4624472afbf809721955c6,404020061e60c000,D:\kp\adaptive_keypoint_discovery_reboot\experiment\data_stage_clean_v3\images\auxiliary\stagev3_0085.png,0,,,,75e1b892f2f193ee886bef412e28050ba9fb24cbec2b60123accdbf105017f7f,auxiliary,images\auxiliary\stagev3_0085.png,auxiliary_unverified_stage,1,0,pass_contact_sheet_shoot_integrity_and_background,codex_contact_sheet_review_2026-07-17,1,largest_connected_shoot_component,1,0.0,404020061e60c000,406020100b3a60c0
stagev3_0086,D:\kp\数据集图片\images\leaf3 (45).jpg,leaf3 (45).jpg,images400::leaf3 (45),gt2,filename_leaf3,name_proxy_needs_confirmation,A_native_white_standardized,shoot_only_standardization_native_white,343.35581112111106,343.35581112111106,white_removed_candidate,0.9181039663461539,1.0,0.0430889423076923,0.0763566300675675,3.657855,high,4131378edeab9de122f6cede0c52275594d98e2659bcc8871f40db9248c6d98a,007018060b020000,D:\kp\adaptive_keypoint_discovery_reboot\experiment\data_stage_clean_v3\images\auxiliary\stagev3_0086.png,0,,,,3479e5b8764c68753fc2c187c29d9b01e7f1ddced6352044d73885bd2d363ac6,auxiliary,images\auxiliary\stagev3_0086.png,auxiliary_unverified_stage,1,0,pass_contact_sheet_shoot_integrity_and_background,codex_contact_sheet_review_2026-07-17,1,largest_connected_shoot_component,3,0.01677681748856126,007018060b020000,70381c8c0d010504
stagev3_0087,D:\kp\数据集图片\images\8.jpg,8.jpg,images400::8,unknown,not_assigned,unknown,A_native_white_standardized,shoot_only_standardization_native_white,167.27110799153647,167.27110799153647,white_removed_candidate,0.9634195963541666,1.0,0.021148681640625,0.0326944986979166,3.700441,high,966721969c64ae1f9815e60df93d32b6191c6119188c176e42fca3181acb938b,000000384b810000,D:\kp\adaptive_keypoint_discovery_reboot\experiment\data_stage_clean_v3\images\auxiliary\stagev3_0087.png,0,,,,6e34f371006d48be4bd9a97240a8f40c9bbe760b8b2651d9eb693cdf2f22615a,auxiliary,images\auxiliary\stagev3_0087.png,auxiliary_unverified_stage,1,0,pass_contact_sheet_shoot_integrity_and_background,codex_contact_sheet_review_2026-07-17,1,largest_connected_shoot_component,2,0.010983189716061591,000000384b810000,20382c43c1818080
stagev3_0088,D:\kp\数据集图片\images\7.jpg,7.jpg,images400::7,unknown,not_assigned,unknown,A_native_white_standardized,shoot_only_standardization_native_white,181.7132873535156,181.7132873535156,white_removed_candidate,0.9542795817057291,1.0,0.0304768880208333,0.0439567565917968,3.709852,high,f17564cad22b67c1e7c81730424fdb42751d9deb2ead6ee4e2bd6d4c461c40ee,0000301f3f301000,D:\kp\adaptive_keypoint_discovery_reboot\experiment\data_stage_clean_v3\images\auxiliary\stagev3_0088.png,0,,,,248b4b38879c0bb597f25ec0383f8fb2ebea0ef96a88177635167a35d03f90cb,auxiliary,images\auxiliary\stagev3_0088.png,auxiliary_unverified_stage,1,0,pass_contact_sheet_shoot_integrity_and_background,codex_contact_sheet_review_2026-07-17,1,largest_connected_shoot_component,3,0.043952347582340574,0000301f3f301000,18082f1d10101c0c
stagev3_0089,D:\kp\数据集图片\images\leaf3 (82).jpg,leaf3 (82).jpg,images400::leaf3 (82),gt2,filename_leaf3,name_proxy_needs_confirmation,A_native_white_standardized,shoot_only_standardization_native_white,267.017543454142,267.017543454142,white_removed_candidate,0.9409786427514792,1.0,0.0328333025147929,0.0515752503709198,3.751298,high,59fcef984f7a0825760c8dc4a8b35e16888fb0a9d5e6ccc030e2335bed517244,00101a031d704000,D:\kp\adaptive_keypoint_discovery_reboot\experiment\data_stage_clean_v3\images\auxiliary\stagev3_0089.png,0,,,,13990098c8971d574f0dd998c8f6e4fa46d099850a26487828a0177c43a8e5d0,auxiliary,images\auxiliary\stagev3_0089.png,auxiliary_unverified_stage,1,0,pass_contact_sheet_shoot_integrity_and_background,codex_contact_sheet_review_2026-07-17,1,largest_connected_shoot_component,1,0.0,00101a031d704000,10180a09073960c0
stagev3_0091,D:\kp\数据集图片\images\19.jpg,19.jpg,images400::19,unknown,not_assigned,unknown,A_native_white_standardized,shoot_only_standardization_native_white,142.79975382486978,142.79975382486978,white_removed_candidate,0.9686991373697916,1.0,0.02239990234375,0.0326716105143229,3.846782,high,dab9af2117bf1e3e058b3d8691d1e14a238c8486965c823207ecc1b9906cf459,000020361b000000,D:\kp\adaptive_keypoint_discovery_reboot\experiment\data_stage_clean_v3\images\auxiliary\stagev3_0091.png,0,,,,40002fd36d1eb695c66aadf9e4e22afcc7628955883267b46811aaa20e553285,auxiliary,images\auxiliary\stagev3_0091.png,auxiliary_unverified_stage,1,0,pass_contact_sheet_shoot_integrity_and_background,codex_contact_sheet_review_2026-07-17,1,largest_connected_shoot_component,2,0.16229312964559978,000020361b000000,c0406030391d2d18
stagev3_0092,D:\kp\数据集图片\images\leaf3 (94).jpg,leaf3 (94).jpg,images400::leaf3 (94),gt2,filename_leaf3,name_proxy_needs_confirmation,A_native_white_standardized,shoot_only_standardization_native_white,200.2610869661736,200.2610869661736,white_removed_candidate,0.9600815488047809,0.999192462987887,0.018519671314741,0.0347059786676646,3.858221,high,2c76f53a24d533b1efdff2f234a6b0da09ff86a591fb2d511f8b381c84137633,0001350602010101,D:\kp\adaptive_keypoint_discovery_reboot\experiment\data_stage_clean_v3\images\auxiliary\stagev3_0092.png,0,,,,5725a15b90c001a945986b48f3813de6d280625f24787bbc1c676d752c3c5c3c,auxiliary,images\auxiliary\stagev3_0092.png,auxiliary_unverified_stage,1,0,pass_contact_sheet_shoot_integrity_and_background,codex_contact_sheet_review_2026-07-17,1,largest_connected_shoot_component,1,0.0,0001350602010101,00212f0602020301
stagev3_0093,D:\kp\数据集图片\images\26-26.jpg,26-26.jpg,images400::26-26,unknown,not_assigned,unknown,A_native_white_standardized,shoot_only_standardization_native_white,259.413720935114,259.413720935114,white_removed_candidate,0.9681328415427509,1.0,0.0211068192379182,0.0295146956319702,3.903599,high,abc4c107903eb9ef73b1f53c4ae42349fa98121e4c6a1686d1b61cea3760ea30,6030101310103000,D:\kp\adaptive_keypoint_discovery_reboot\experiment\data_stage_clean_v3\images\auxiliary\stagev3_0093.png,0,,,,a4b186a67e750346c4d59edb342fd2ee352547ed3b754bedbed17a4e1c3a1458,auxiliary,images\auxiliary\stagev3_0093.png,auxiliary_unverified_stage,1,0,pass_contact_sheet_shoot_integrity_and_background,codex_contact_sheet_review_2026-07-17,1,largest_connected_shoot_component,1,0.0,6030101310103000,4020202633302020
stagev3_0094,D:\kp\数据集图片\images\leaf3 (39).jpg,leaf3 (39).jpg,images400::leaf3 (39),gt2,filename_leaf3,name_proxy_needs_confirmation,A_native_white_standardized,shoot_only_standardization_native_white,377.83551264819306,377.83551264819306,white_removed_candidate,0.9387934602649006,1.0,0.0390107615894039,0.0544949602843215,3.920079,high,8f81f57298d2e9e07f75e3dbd4f0122fc87782600c6cbb8e1a858168ff7ee900,0000c81c13010000,D:\kp\adaptive_keypoint_discovery_reboot\experiment\data_stage_clean_v3\images\auxiliary\stagev3_0094.png,0,,,,3ca544af1d45e22e7fccf649070b8c67a1bc763a638e74b67de027155bdf58fc,auxiliary,images\auxiliary\stagev3_0094.png,auxiliary_unverified_stage,1,0,pass_contact_sheet_shoot_integrity_and_background,codex_contact_sheet_review_2026-07-17,1,largest_connected_shoot_component,1,0.0,0000c81c13010000,8484440c0e1b0100
stagev3_0095,D:\kp\数据集图片\images\leaf3 (79).jpg,leaf3 (79).jpg,images400::leaf3 (79),gt2,filename_leaf3,name_proxy_needs_confirmation,A_native_white_standardized,shoot_only_standardization_native_white,210.90234375,210.90234375,white_removed_candidate,0.9555160454035875,1.0,0.0177883267937219,0.0378034788396861,3.936411,high,d00dd89dd1513fd9ded8090d3ada9e186d48eb3856a9e1905a57fc6bcdcbe23a,00080c0761408080,D:\kp\adaptive_keypoint_discovery_reboot\experiment\data_stage_clean_v3\images\auxiliary\stagev3_0095.png,0,,,,9d59c1404fa996218f37c643f293e3245df473da885fee845d51ed63cb7f9278,auxiliary,images\auxiliary\stagev3_0095.png,auxiliary_unverified_stage,1,0,pass_contact_sheet_shoot_integrity_and_background,codex_contact_sheet_review_2026-07-17,1,largest_connected_shoot_component,1,0.0,00080c0761408080,040406216040c080
stagev3_0096,D:\kp\数据集图片\images\leaf3 (76).jpg,leaf3 (76).jpg,images400::leaf3 (76),gt2,filename_leaf3,name_proxy_needs_confirmation,A_native_white_standardized,shoot_only_standardization_native_white,213.08247294611309,213.08247294611309,white_removed_candidate,0.9651612190812721,1.0,0.0140376545936395,0.0293106780035335,4.066678,high,10a40de5a9bde1403a6a8a8902ac812c49709cf37902e139230a44730941986b,2010120f30604080,D:\kp\adaptive_keypoint_discovery_reboot\experiment\data_stage_clean_v3\images\auxiliary\stagev3_0096.png,0,,,,ee8540f7cd0dc46932b2682310edc3854cc35749eb7ed9243e78438a3b83c745,auxiliary,images\auxiliary\stagev3_0096.png,auxiliary_unverified_stage,1,0,pass_contact_sheet_shoot_integrity_and_background,codex_contact_sheet_review_2026-07-17,1,largest_connected_shoot_component,1,0.0,2010120f30604080,1010090710604080
stagev3_0097,D:\kp\数据集图片\images\leaf3 (100).jpg,leaf3 (100).jpg,images400::leaf3 (100),gt2,filename_leaf3,name_proxy_needs_confirmation,A_native_white_standardized,shoot_only_standardization_native_white,228.19316948784723,228.19316948784723,white_removed_candidate,0.9655015733506944,1.0,0.0132988823784722,0.0320838994565217,4.245662,high,6292bd119dd834cfab56cb86a60bae71aedcfba774db44323323e85abf8dbc9b,0000011306040404,D:\kp\adaptive_keypoint_discovery_reboot\experiment\data_stage_clean_v3\images\auxiliary\stagev3_0097.png,0,,,,bb0f8bd10ccd59bb261406d2c8ad62cc8f18d3bd47219c968a4564b541227b8d,auxiliary,images\auxiliary\stagev3_0097.png,auxiliary_unverified_stage,1,0,pass_contact_sheet_shoot_integrity_and_background,codex_contact_sheet_review_2026-07-17,1,largest_connected_shoot_component,2,0.06910487975251971,0000011306040404,00000103620c0c08
stagev3_0098,D:\kp\数据集图片\images\16.jpg,16.jpg,images400::16,unknown,not_assigned,unknown,A_native_white_standardized,shoot_only_standardization_native_white,200.83780924220463,200.83780924220463,white_removed_candidate,0.961151123046875,1.0,0.0241292317708333,0.0363057454427083,4.559972,high,14c6ad7d1632db136eb3f8ab770404ba89c14853abadbc814d53c625387e8740,00202020391d3000,D:\kp\adaptive_keypoint_discovery_reboot\experiment\data_stage_clean_v3\images\auxiliary\stagev3_0098.png,0,,,,d24b1ac46d61e0c0c1890dcaddee40a4bf68e0fb09ea7b31a39e202afcd08105,auxiliary,images\auxiliary\stagev3_0098.png,auxiliary_unverified_stage,1,0,pass_contact_sheet_shoot_integrity_and_background,codex_contact_sheet_review_2026-07-17,1,largest_connected_shoot_component,3,0.03914175120128137,00202020391d3000,c0c04060300d3020
stagev3_0099,D:\kp\数据集图片\images\leaf3 (63).jpg,leaf3 (63).jpg,images400::leaf3 (63),gt2,filename_leaf3,name_proxy_needs_confirmation,A_native_white_standardized,shoot_only_standardization_native_white,257.1848353727362,257.1848353727362,white_removed_candidate,0.9394326734293194,0.9995451237263464,0.0365980857329842,0.0559280675853018,4.611057,high,1f94c1401141e362c684e967eaf5238a9a626019162294870847b229b29c4872,0080c04060301729,D:\kp\adaptive_keypoint_discovery_reboot\experiment\data_stage_clean_v3\images\auxiliary\stagev3_0099.png,0,,,,eed62c979d26fb371c3a4e10306cc6e2f0dea5a646fd52d185ad4ebfd7dd9eb6,auxiliary,images\auxiliary\stagev3_0099.png,auxiliary_unverified_stage,1,0,pass_contact_sheet_shoot_integrity_and_background,codex_contact_sheet_review_2026-07-17,1,largest_connected_shoot_component,2,0.03303533418475947,0080c04060301729,80c0406030181f34
stagev3_0100,D:\kp\数据集图片\images\leaf3 (71).jpg,leaf3 (71).jpg,images400::leaf3 (71),gt2,filename_leaf3,name_proxy_needs_confirmation,A_native_white_standardized,shoot_only_standardization_native_white,311.29599417892155,311.29599417892155,white_removed_candidate,0.9740157781862745,1.0,0.0143420649509803,0.0253690302518427,4.723355,high,ce3c82a3e9357d83435d9dae973fe32b29ca373827099ec9d088bdb1b92e5b35,8038040000000000,D:\kp\adaptive_keypoint_discovery_reboot\experiment\data_stage_clean_v3\images\auxiliary\stagev3_0100.png,0,,,,c63f884792111c50b10c4d6de25b4610c99be2b63a6e85df190c64c6f4f4e6f9,auxiliary,images\auxiliary\stagev3_0100.png,auxiliary_unverified_stage,1,0,pass_contact_sheet_shoot_integrity_and_background,codex_contact_sheet_review_2026-07-17,1,largest_connected_shoot_component,5,0.03344607290492296,8038040000000000,804868340e030100
stagev3_0101,D:\kp\数据集图片\images\leaf3 (89).jpg,leaf3 (89).jpg,images400::leaf3 (89),gt2,filename_leaf3,name_proxy_needs_confirmation,A_native_white_standardized,shoot_only_standardization_native_white,208.2968460648148,208.2968460648148,white_removed_candidate,0.9636574074074075,1.0,0.0158058449074074,0.0308235264246994,4.733674,high,8ecb80b5537bcd712c553331d348046dfaaa8d7b164aed85bbf39089b68a20a5,8064030810101000,D:\kp\adaptive_keypoint_discovery_reboot\experiment\data_stage_clean_v3\images\auxiliary\stagev3_0101.png,0,,,,dbf159d3bdf762c4681148000b565f5bf9b8927784ee3bbe574d72991e1813ff,auxiliary,images\auxiliary\stagev3_0101.png,auxiliary_unverified_stage,1,0,pass_contact_sheet_shoot_integrity_and_background,codex_contact_sheet_review_2026-07-17,1,largest_connected_shoot_component,1,0.0,8064030810101000,8062130c08181010
